level0,level1,level2,level3,level4,level5,level6,level7,Comment/help
<i name="star"/>My Menu,My Menu 1,,,,,,,Foo
<i name="star"/>My Menu,My Menu 2,,,,,,
<i name="star"/>My Menu,My Menu 3,,,,,,
<i name="star"/>My Menu,My Menu Setting,Add Item,,,,,
<i name="star"/>My Menu,My Menu Setting,Sort Item,,,,,
<i name="star"/>My Menu,My Menu Setting,Delete Item,,,,,
<i name="star"/>My Menu,My Menu Setting,Delete Page,,,,,
<i name="star"/>My Menu,My Menu Setting,Delete All,,,,,
<i name="star"/>My Menu,My Menu Setting,Display From My Menu,On,,,,
<i name="star"/>My Menu,My Menu Setting,Display From My Menu,Off,,,,
<i name="camera"/>Shooting,Image Quality,JPEG/HEIF Switch,JPEG,,,,
,,,HEIF(4:2:0),,,,
,,,HEIF(4:2:2),,,,
,,Image Quality Settings,File Format,RAW,,,
,,,,RAW & HEIF,,,
,,,,HEIF,,,
,,,RAW File Type,Uncompressed,,,
,,,,Lossless Comp (L),,,
,,,,Lossless Comp (M),,,
,,,,Lossless Comp (S),,,
<i name="camera"/>Shooting,Image Quality,Image Quality Settings,RAW File Type,Compressed,,,
<i name="camera"/>Shooting,Image Quality,Image Quality Settings,HEIF Quality,?,,,
<i name="camera"/>Shooting,Image Quality,Image Quality Settings,HEIG Image Size,?,,,
<i name="camera"/>Shooting,Image Quality,Image Quality Settings,Rec. Media Settings,[link to rec media settings?],,,
<i name="camera"/>Shooting,Image Quality,Aspect Ratio,3:2,,,,
<i name="camera"/>Shooting,Image Quality,Aspect Ratio,4:3,,,,
<i name="camera"/>Shooting,Image Quality,Aspect Ratio,16:9,,,,
<i name="camera"/>Shooting,Image Quality,Aspect Ratio,1:1,,,,
<i name="camera"/>Shooting,Image Quality,File Format,XVAC HS 4K,,,,
<i name="camera"/>Shooting,Image Quality,File Format,XVAC S 4K,,,,
<i name="camera"/>Shooting,Image Quality,File Format,XVAC S HD,,,,
<i name="camera"/>Shooting,Image Quality,File Format,XVAC S-I 4K,,,,
<i name="camera"/>Shooting,Image Quality,File Format,XVAC S-I HD,,,,
<i name="camera"/>Shooting,Image Quality,Movie Settings,Rec Frame Rate,60p,,,
<i name="camera"/>Shooting,Image Quality,Movie Settings,Rec Frame Rate,30p,,,
<i name="camera"/>Shooting,Image Quality,Movie Settings,Rec Frame Rate,24p,,,
<i name="camera"/>Shooting,Image Quality,Movie Settings,Rec Frame Rate,120p,,,
<i name="camera"/>Shooting,Image Quality,Movie Settings,Recording Setting,50M 4:2:2 10bit,,,
<i name="camera"/>Shooting,Image Quality,Movie Settings,Recording Setting,50M 4:2:0 8bit,,,
<i name="camera"/>Shooting,Image Quality,Movie Settings,Recording Setting,25M 4:2:0 8bit,,,
<i name="camera"/>Shooting,Image Quality,APS-C S35 <i name="camera"/>Shooting,On,,,,
<i name="camera"/>Shooting,Image Quality,APS-C S35 <i name="camera"/>Shooting,Auto,,,,
<i name="camera"/>Shooting,Image Quality,APS-C S35 <i name="camera"/>Shooting,Off,,,,
<i name="camera"/>Shooting,Image Quality,Long Exposure NR,On,,,,
<i name="camera"/>Shooting,Image Quality,Long Exposure NR,Off,,,,
<i name="camera"/>Shooting,Image Quality,High ISO NR,Normal,,,,
<i name="camera"/>Shooting,Image Quality,High ISO NR,Low,,,,
<i name="camera"/>Shooting,Image Quality,High ISO NR,Off,,,,
<i name="camera"/>Shooting,Image Quality,HLG Still Image,On,,,,
<i name="camera"/>Shooting,Image Quality,HLG Still Image,Off,,,,
<i name="camera"/>Shooting,Image Quality,Color Space,sRGB,,,,
<i name="camera"/>Shooting,Image Quality,Color Space,AdobeRGB,,,,
<i name="camera"/>Shooting,Image Quality,Lens Compensation,Shading Comp.,Auto,,,
<i name="camera"/>Shooting,Image Quality,Lens Compensation,Shading Comp.,Off,,,
<i name="camera"/>Shooting,Image Quality,Lens Compensation,Chromatic Aberration Comp.,Auto,,,
<i name="camera"/>Shooting,Image Quality,Lens Compensation,Chromatic Aberration Comp.,Off,,,
<i name="camera"/>Shooting,Image Quality,Lens Compensation,Distortion Comp.,Auto,,,
<i name="camera"/>Shooting,Image Quality,Lens Compensation,Distortion Comp.,Off,,,
<i name="camera"/>Shooting,Media,Format,Slot 1,,,,,Foo
<i name="camera"/>Shooting,Media,Format,Slot 2,,,,
<i name="camera"/>Shooting,Media,Rec. Media Settings,(still) Recording Media,Slot 1,,,
<i name="camera"/>Shooting,Media,Rec. Media Settings,(still) Recording Media,Slot 2,,,
<i name="camera"/>Shooting,Media,Rec. Media Settings,(still) Recording Media,Simult. Recording,,,
<i name="camera"/>Shooting,Media,Rec. Media Settings,(still) Recording Media,Sort Recording,,,
<i name="camera"/>Shooting,Media,Rec. Media Settings,(video) Recording Media,Slot 1,,,
<i name="camera"/>Shooting,Media,Rec. Media Settings,(video) Recording Media,Slot 2,,,
<i name="camera"/>Shooting,Media,Rec. Media Settings,(video) Recording Media,Simult. Recording,,,
<i name="camera"/>Shooting,Media,Rec. Media Settings,Auto Switch Media,On,,,
<i name="camera"/>Shooting,Media,Rec. Media Settings,Auto Switch Media,Off,,,
<i name="camera"/>Shooting,Media,Recover Image DB,Slot 1,,,,
<i name="camera"/>Shooting,Media,Recover Image DB,Slot 2,,,,
<i name="camera"/>Shooting,Media,Display Media Info.,Slot 1,,,,
<i name="camera"/>Shooting,Media,Display Media Info.,Slot 2,,,,
<i name="camera"/>Shooting,File,File/Folder Settings,File Number,Series,,,
<i name="camera"/>Shooting,File,File/Folder Settings,File Number,Reset,,,
<i name="camera"/>Shooting,File,File/Folder Settings,Forced File Number Reset,,,,
<i name="camera"/>Shooting,File,File/Folder Settings,Set File Name,,,,
<i name="camera"/>Shooting,File,File/Folder Settings,Folder Name,Standard Form,,,
<i name="camera"/>Shooting,File,File/Folder Settings,Folder Name,Date Form,,,
<i name="camera"/>Shooting,File,Select REC Folder,,,,,
<i name="camera"/>Shooting,File,Create New Folder,,,,,
<i name="camera"/>Shooting,File,IPTC Information,Write IPTC Info,Off,?,,
<i name="camera"/>Shooting,File,IPTC Information,Register IPTC Info,Slot 1,,,
<i name="camera"/>Shooting,File,IPTC Information,Register IPTC Info,Slot 2,,,
<i name="camera"/>Shooting,File,Copyright Info,Write Copyright Info,On,,,
<i name="camera"/>Shooting,File,Copyright Info,Write Copyright Info,Off,,,
<i name="camera"/>Shooting,File,Copyright Info,Set Photographer,,,,
<i name="camera"/>Shooting,File,Copyright Info,Set Copyright,,,,
<i name="camera"/>Shooting,File,Copyright Info,Disp. Copyright Info,Copyright Holder Name,,,
<i name="camera"/>Shooting,File,Copyright Info,Disp. Copyright Info,Photographer Name,,,
<i name="camera"/>Shooting,File,Write Serial Number,On,,,,
<i name="camera"/>Shooting,File,Write Serial Number,Off,,,,
<i name="camera"/>Shooting,Shooting Mode,Recall Camera Setting,?,,,,
<i name="camera"/>Shooting,Shooting Mode,Camera Set. Memory,?,,,,
<i name="camera"/>Shooting,Shooting Mode,Memory/Recall Media,Slot 1,,,,
<i name="camera"/>Shooting,Shooting Mode,Memory/Recall Media,Slot 2,,,,
<i name="camera"/>Shooting,Shooting Mode,Reg. Custom Shoot Set,Recall Custom hold 1,,,,
<i name="camera"/>Shooting,Shooting Mode,Reg. Custom Shoot Set,Recall Custom hold 2,,,,
<i name="camera"/>Shooting,Shooting Mode,Reg. Custom Shoot Set,Recall Custom hold 3,,,,
<i name="camera"/>Shooting,USB Streaming,Res/Frame Rate,4K(2160p) 15,,,,
<i name="camera"/>Shooting,USB Streaming,Res/Frame Rate,HD(1080p) 60p,,,,
<i name="camera"/>Shooting,USB Streaming,Res/Frame Rate,HD(1080p) 30p,,,,
<i name="camera"/>Shooting,USB Streaming,Res/Frame Rate,HD(720p) 30p,,,,
<i name="camera"/>Shooting,USB Streaming,Movie Recording,Enable,,,,
<i name="camera"/>Shooting,USB Streaming,Movie Recording,Disable,,,,
<i name="camera"/>Shooting,Drive Mode,Drive Mode,Single <i name="camera"/>Shooting,,,,
<i name="camera"/>Shooting,Drive Mode,Drive Mode,Continuous Shooting: Lo,,,,
<i name="camera"/>Shooting,Drive Mode,Drive Mode,Continuous Shooting: Mid,,,,
<i name="camera"/>Shooting,Drive Mode,Drive Mode,Continuous Shooting: Hi,,,,
<i name="camera"/>Shooting,Drive Mode,Drive Mode,Continuous Shooting: Hi+,,,,
<i name="camera"/>Shooting,Drive Mode,Drive Mode,Self-timer(Single): 2 Sec,,,,
<i name="camera"/>Shooting,Drive Mode,Drive Mode,Self-timer(Single): 5 Sec,,,,
<i name="camera"/>Shooting,Drive Mode,Drive Mode,Self-timer(Single): 10 Sec,,,,
<i name="camera"/>Shooting,Drive Mode,Drive Mode,Self-timer(Cont.): 2 Sec. 5 Img.,,,,
<i name="camera"/>Shooting,Drive Mode,Drive Mode,Self-timer(Cont.): 2 Sec. 3 Img.,,,,
<i name="camera"/>Shooting,Drive Mode,Drive Mode,Self-timer(Cont.): 5 Sec. 5 Img.,,,,
<i name="camera"/>Shooting,Drive Mode,Drive Mode,Self-timer(Cont.): 5 Sec. 3 Img.,,,,
<i name="camera"/>Shooting,Drive Mode,Drive Mode,Self-timer(Cont.): 10 Sec. 5 Img.,,,,
<i name="camera"/>Shooting,Drive Mode,Drive Mode,Self-timer(Cont.): 10 Sec. 3 Img.,,,,
<i name="camera"/>Shooting,Drive Mode,Drive Mode,Cont. Bracket: 3.0EV 5 Image,,,,
<i name="camera"/>Shooting,Drive Mode,Drive Mode,Cont. Bracket: 3.0EV 3 Image,,,,
<i name="camera"/>Shooting,Drive Mode,Drive Mode,Cont. Bracket: 2.0EV 5 Image,,,,
<i name="camera"/>Shooting,Drive Mode,Drive Mode,Cont. Bracket: 2.0EV 3 Image,,,,
<i name="camera"/>Shooting,Drive Mode,Drive Mode,Cont. Bracket: 1.0EV 9 Image,,,,
<i name="camera"/>Shooting,Drive Mode,Drive Mode,Cont. Bracket: 1.0EV 5 Image,,,,
<i name="camera"/>Shooting,Drive Mode,Drive Mode,Cont. Bracket: 1.0EV 3 Image,,,,
<i name="camera"/>Shooting,Drive Mode,Drive Mode,Cont. Bracket: 0.7EV 9 Image,,,,
<i name="camera"/>Shooting,Drive Mode,Drive Mode,Cont. Bracket: 0.7EV 5 Image,,,,
<i name="camera"/>Shooting,Drive Mode,Drive Mode,Cont. Bracket: 0.7EV 3 Image,,,,
<i name="camera"/>Shooting,Drive Mode,Drive Mode,Cont. Bracket: 0.5EV 9 Image,,,,
<i name="camera"/>Shooting,Drive Mode,Drive Mode,Cont. Bracket: 0.5EV 5 Image,,,,
<i name="camera"/>Shooting,Drive Mode,Drive Mode,Cont. Bracket: 0.5EV 3 Image,,,,
<i name="camera"/>Shooting,Drive Mode,Drive Mode,Cont. Bracket: 0.3EV 9 Image,,,,
<i name="camera"/>Shooting,Drive Mode,Drive Mode,Cont. Bracket: 0.3EV 5 Image,,,,
<i name="camera"/>Shooting,Drive Mode,Drive Mode,Cont. Bracket: 0.3EV 3 Image,,,,
<i name="camera"/>Shooting,Drive Mode,Drive Mode,Single Bracket: 3.0EV 5 Image,,,,
<i name="camera"/>Shooting,Drive Mode,Drive Mode,Single Bracket: 3.0EV 3 Image,,,,
<i name="camera"/>Shooting,Drive Mode,Drive Mode,Single Bracket: 2.0EV 5 Image,,,,
<i name="camera"/>Shooting,Drive Mode,Drive Mode,Single Bracket: 2.0EV 3 Image,,,,
<i name="camera"/>Shooting,Drive Mode,Drive Mode,Single Bracket: 1.0EV 9 Image,,,,
<i name="camera"/>Shooting,Drive Mode,Drive Mode,Single Bracket: 1.0EV 5 Image,,,,
<i name="camera"/>Shooting,Drive Mode,Drive Mode,Single Bracket: 1.0EV 3 Image,,,,
<i name="camera"/>Shooting,Drive Mode,Drive Mode,Single Bracket: 0.7EV 9 Image,,,,
<i name="camera"/>Shooting,Drive Mode,Drive Mode,Single Bracket: 0.7EV 5 Image,,,,
<i name="camera"/>Shooting,Drive Mode,Drive Mode,Single Bracket: 0.7EV 3 Image,,,,
<i name="camera"/>Shooting,Drive Mode,Drive Mode,Single Bracket: 0.5EV 9 Image,,,,
<i name="camera"/>Shooting,Drive Mode,Drive Mode,Single Bracket: 0.5EV 5 Image,,,,
<i name="camera"/>Shooting,Drive Mode,Drive Mode,Single Bracket: 0.5EV 3 Image,,,,
<i name="camera"/>Shooting,Drive Mode,Drive Mode,Single Bracket: 0.3EV 9 Image,,,,
<i name="camera"/>Shooting,Drive Mode,Drive Mode,Single Bracket: 0.3EV 5 Image,,,,
<i name="camera"/>Shooting,Drive Mode,Drive Mode,Single Bracket: 0.3EV 3 Image,,,,
<i name="camera"/>Shooting,Drive Mode,Drive Mode,White Balance Bracket: Hi,,,,
<i name="camera"/>Shooting,Drive Mode,Drive Mode,White Balance Bracket: Lo,,,,
<i name="camera"/>Shooting,Drive Mode,Drive Mode,DRO Bracket: Hi,,,,
<i name="camera"/>Shooting,Drive Mode,Drive Mode,DRO Bracket: Lo,,,,
<i name="camera"/>Shooting,Drive Mode,Bracket Settings,Selftimer during Bracket,Off,,,
<i name="camera"/>Shooting,Drive Mode,Bracket Settings,Selftimer during Bracket,2 Sec,,,
<i name="camera"/>Shooting,Drive Mode,Bracket Settings,Selftimer during Bracket,5 Sec,,,
<i name="camera"/>Shooting,Drive Mode,Bracket Settings,Selftimer during Bracket,10 Sec,,,
<i name="camera"/>Shooting,Drive Mode,Bracket Settings,Bracket order,0 -> - -> +,,,
<i name="camera"/>Shooting,Drive Mode,Bracket Settings,Bracket order,- -> 0 -> +,,,
<i name="camera"/>Shooting,Drive Mode,Interval Shoot Func.,Interval <i name="camera"/>Shooting,Off,,,
<i name="camera"/>Shooting,Drive Mode,Interval Shoot Func.,Interval <i name="camera"/>Shooting,On,,,
<i name="camera"/>Shooting,Drive Mode,Interval Shoot Func.,Shooting Start Time,0s - 99min 59s,,,
<i name="camera"/>Shooting,Drive Mode,Interval Shoot Func.,Shooting Interval,1 - 60,,,
<i name="camera"/>Shooting,Drive Mode,Interval Shoot Func.,Number of Shots,0 - 9999,,,
<i name="camera"/>Shooting,Drive Mode,Interval Shoot Func.,AE Tracking Sensitivity,High,,,
<i name="camera"/>Shooting,Drive Mode,Interval Shoot Func.,AE Tracking Sensitivity,Mid,,,
<i name="camera"/>Shooting,Drive Mode,Interval Shoot Func.,AE Tracking Sensitivity,Low,,,
<i name="camera"/>Shooting,Drive Mode,Interval Shoot Func.,Shutter Type in Interval,Mechanical Shutter,,,
<i name="camera"/>Shooting,Drive Mode,Interval Shoot Func.,Shutter Type in Interval,Electronic Shutter,,,
<i name="camera"/>Shooting,Drive Mode,Interval Shoot Func.,Shoot Interval Priority,Off,?,,
<i name="camera"/>Shooting,Shutter / Silent,Silent Mode Settings,Silent Mode,On,,,
<i name="camera"/>Shooting,Shutter / Silent,Silent Mode Settings,Silent Mode,Off,,,
<i name="camera"/>Shooting,Shutter / Silent,Silent Mode Settings,Target Function Settings,Aperture Drive in AF,Not Target,,
<i name="camera"/>Shooting,Shutter / Silent,Silent Mode Settings,Target Function Settings,Aperture Drive in AF,Standard,,
<i name="camera"/>Shooting,Shutter / Silent,Silent Mode Settings,Target Function Settings,Aperture Drive in AF,Silent Priority,,
<i name="camera"/>Shooting,Shutter / Silent,Silent Mode Settings,Target Function Settings,Shutter When Pwr OFF,Not Target,,
<i name="camera"/>Shooting,Shutter / Silent,Silent Mode Settings,Target Function Settings,Shutter When Pwr OFF,Off,,
<i name="camera"/>Shooting,Shutter / Silent,Silent Mode Settings,Target Function Settings,Auto Pixel Mapping,Not Target,,
<i name="camera"/>Shooting,Shutter / Silent,Silent Mode Settings,Target Function Settings,Auto Pixel Mapping,Off,,
<i name="camera"/>Shooting,Shutter / Silent,Shutter Type,Mechanical Shutter,,,,
<i name="camera"/>Shooting,Shutter / Silent,Shutter Type,Electronic Shutter,,,,
<i name="camera"/>Shooting,Shutter / Silent,e-Front Curtain Shut.,?,,,,
<i name="camera"/>Shooting,Shutter / Silent,Release w/o Lens,Enable,,,,
<i name="camera"/>Shooting,Shutter / Silent,Release w/o Lens,Disable,,,,
<i name="camera"/>Shooting,Shutter / Silent,Release w/o Card,Enable,,,,
<i name="camera"/>Shooting,Shutter / Silent,Release w/o Card,Disable,,,,
<i name="camera"/>Shooting,Shutter / Silent,Anti-flicker Set.,Anti-flicker Shoot.,Off,?,,
<i name="camera"/>Shooting,Shutter / Silent,Anti-flicker Set.,Var. Shutter,On,,,
<i name="camera"/>Shooting,Shutter / Silent,Anti-flicker Set.,Var. Shutter,Off,,,
<i name="camera"/>Shooting,Shutter / Silent,Anti-flicker Set.,Var. Shutter Set.,?,,,
<i name="camera"/>Shooting,Image Stabilization,SteadyShot,On,,,,
<i name="camera"/>Shooting,Image Stabilization,SteadyShot,Off,,,,
<i name="camera"/>Shooting,Image Stabilization,SteadyShot Adjust,Manual,?,,,
<i name="camera"/>Shooting,Image Stabilization,Focal Length,8-1000mm,,,,
<i name="camera"/>Shooting,Zoom,Zoom,?,,,,
<i name="camera"/>Shooting,Zoom,Zoom Range,Optical zoom only,?,,,
<i name="camera"/>Shooting,Zoom,Custom Key Z. Speed,Fixed Speed STBY,1 (Slow),,,
<i name="camera"/>Shooting,Zoom,Custom Key Z. Speed,Fixed Speed STBY,2,,,
<i name="camera"/>Shooting,Zoom,Custom Key Z. Speed,Fixed Speed STBY,3,,,
<i name="camera"/>Shooting,Zoom,Custom Key Z. Speed,Fixed Speed STBY,4,,,
<i name="camera"/>Shooting,Zoom,Custom Key Z. Speed,Fixed Speed STBY,5,,,
<i name="camera"/>Shooting,Zoom,Custom Key Z. Speed,Fixed Speed STBY,6,,,
<i name="camera"/>Shooting,Zoom,Custom Key Z. Speed,Fixed Speed STBY,7,,,
<i name="camera"/>Shooting,Zoom,Custom Key Z. Speed,Fixed Speed STBY,8 (Fast),,,
<i name="camera"/>Shooting,Zoom,Custom Key Z. Speed,Fixed Speed REC,1 (Slow),,,
<i name="camera"/>Shooting,Zoom,Custom Key Z. Speed,Fixed Speed REC,2,,,
<i name="camera"/>Shooting,Zoom,Custom Key Z. Speed,Fixed Speed REC,3,,,
<i name="camera"/>Shooting,Zoom,Custom Key Z. Speed,Fixed Speed REC,4,,,
<i name="camera"/>Shooting,Zoom,Custom Key Z. Speed,Fixed Speed REC,5,,,
<i name="camera"/>Shooting,Zoom,Custom Key Z. Speed,Fixed Speed REC,6,,,
<i name="camera"/>Shooting,Zoom,Custom Key Z. Speed,Fixed Speed REC,7,,,
<i name="camera"/>Shooting,Zoom,Custom Key Z. Speed,Fixed Speed REC,8 (Fast),,,
<i name="camera"/>Shooting,Zoom,Remote Zoom Speed,Speed Type,Variable,,,
<i name="camera"/>Shooting,Zoom,Remote Zoom Speed,Speed Type,Fix,,,
<i name="camera"/>Shooting,Zoom,Remote Zoom Speed,Fixed Speed STBY,1 (Slow),,,
<i name="camera"/>Shooting,Zoom,Remote Zoom Speed,Fixed Speed STBY,2,,,
<i name="camera"/>Shooting,Zoom,Remote Zoom Speed,Fixed Speed STBY,3,,,
<i name="camera"/>Shooting,Zoom,Remote Zoom Speed,Fixed Speed STBY,4,,,
<i name="camera"/>Shooting,Zoom,Remote Zoom Speed,Fixed Speed STBY,5,,,
<i name="camera"/>Shooting,Zoom,Remote Zoom Speed,Fixed Speed STBY,6,,,
<i name="camera"/>Shooting,Zoom,Remote Zoom Speed,Fixed Speed STBY,7,,,
<i name="camera"/>Shooting,Zoom,Remote Zoom Speed,Fixed Speed STBY,8 (Fast),,,
<i name="camera"/>Shooting,Zoom,Remote Zoom Speed,Fixed Speed REC,1 (Slow),,,
<i name="camera"/>Shooting,Zoom,Remote Zoom Speed,Fixed Speed REC,2,,,
<i name="camera"/>Shooting,Zoom,Remote Zoom Speed,Fixed Speed REC,3,,,
<i name="camera"/>Shooting,Zoom,Remote Zoom Speed,Fixed Speed REC,4,,,
<i name="camera"/>Shooting,Zoom,Remote Zoom Speed,Fixed Speed REC,5,,,
<i name="camera"/>Shooting,Zoom,Remote Zoom Speed,Fixed Speed REC,6,,,
<i name="camera"/>Shooting,Zoom,Remote Zoom Speed,Fixed Speed REC,7,,,
<i name="camera"/>Shooting,Zoom,Remote Zoom Speed,Fixed Speed REC,8 (Fast),,,
<i name="camera"/>Shooting,Shooting Display,Grid Line Display,On,,,,
<i name="camera"/>Shooting,Shooting Display,Grid Line Display,Off,,,,
<i name="camera"/>Shooting,Shooting Display,Grid Line Type,Rule of 3rds Grid,,,,
<i name="camera"/>Shooting,Shooting Display,Grid Line Type,Square Grid,,,,
<i name="camera"/>Shooting,Shooting Display,Grid Line Type,Diag. + Square Grid,,,,
<i name="camera"/>Shooting,Shooting Display,Live View Display Set.,Live View Display,Setting Effect ON,,,
<i name="camera"/>Shooting,Shooting Display,Live View Display Set.,Live View Display,Setting Effect OFF,,,
<i name="camera"/>Shooting,Shooting Display,Live View Display Set.,Exposure Effect,Exposure Set. & flash,,,
<i name="camera"/>Shooting,Shooting Display,Live View Display Set.,Exposure Effect,Exposure Setting Only,,,
<i name="camera"/>Shooting,Shooting Display,Live View Display Set.,Frame Rate Low Limit,On,,,
<i name="camera"/>Shooting,Shooting Display,Live View Display Set.,Frame Rate Low Limit,Off,,,
Exposure/Color,Exposure,ISO,ISO 50,,,,
Exposure/Color,Exposure,ISO,ISO 64,,,,
Exposure/Color,Exposure,ISO,ISO 80,,,,
Exposure/Color,Exposure,ISO,ISO 100,,,,
Exposure/Color,Exposure,ISO,ISO 125,,,,
Exposure/Color,Exposure,ISO,ISO 160,,,,
Exposure/Color,Exposure,ISO,ISO 200,,,,
Exposure/Color,Exposure,ISO,ISO 250,,,,
Exposure/Color,Exposure,ISO,ISO 400,,,,
Exposure/Color,Exposure,ISO,ISO 500,,,,
Exposure/Color,Exposure,ISO,ISO 640,,,,
Exposure/Color,Exposure,ISO,ISO 1000,,,,
Exposure/Color,Exposure,ISO,ISO 1250,,,,
Exposure/Color,Exposure,ISO,ISO 1600,,,,
Exposure/Color,Exposure,ISO,ISO 2500,,,,
Exposure/Color,Exposure,ISO,ISO 3200,,,,
Exposure/Color,Exposure,ISO,ISO 4000,,,,
Exposure/Color,Exposure,ISO,ISO 5000,,,,
Exposure/Color,Exposure,ISO,ISO 6400,,,,
Exposure/Color,Exposure,ISO,ISO 8000,,,,
Exposure/Color,Exposure,ISO,ISO 10000,,,,
Exposure/Color,Exposure,ISO,ISO 12800,,,,
Exposure/Color,Exposure,ISO Range Limit,50 - 20480,,,,
Exposure/Color,Exposure,ISO AUTO Min. SS,?,,,,
Exposure/Color,Exposure Comp.,Exposure Comp.,-3 - +3,,,,
Exposure/Color,Exposure Comp.,Exposure step,0.5EV,,,,
Exposure/Color,Exposure Comp.,Exposure step,0.3EV,,,,
Exposure/Color,Exposure Comp.,Exposure Std. Adjust,,,,,
Exposure/Color,Metering,Metering Mode,Multi,,,,
Exposure/Color,Metering,Metering Mode,Center,,,,
Exposure/Color,Metering,Metering Mode,Spot: Standard,,,,
Exposure/Color,Metering,Metering Mode,Entire Screen Avg.,,,,
Exposure/Color,Metering,Metering Mode,Highlight,,,,
Exposure/Color,Metering,Face Priority in Multi Metering,Off,?,,,
Exposure/Color,Metering,Spot Metering Point,Center,,,,
Exposure/Color,Metering,Spot Metering Point,Focus Point Link,,,,
Exposure/Color,Metering,AEL w/ Shutter,Auto,,,,
Exposure/Color,Metering,AEL w/ Shutter,On,,,,
Exposure/Color,Metering,AEL w/ Shutter,Off,,,,
Exposure/Color,Flash,Flash Mode,Flash Off,?,,,
Exposure/Color,Flash,Flash Comp.,-3 - +3,,,,
Exposure/Color,Flash,Exp.comp.set,Ambient&flash,,,,
Exposure/Color,Flash,Exp.comp.set,Ambient only,,,,
Exposure/Color,Flash,Wireless Flash,On,,,,
Exposure/Color,Flash,Wireless Flash,Off,?,,,
Exposure/Color,Flash,Red Eye Reduction,On,,,,
Exposure/Color,Flash,Red Eye Reduction,Off,,,,
Exposure/Color,Flash,External Flash Set.,Ext. Flash Firing Set.,?,,,
Exposure/Color,Flash,External Flash Set.,Ext. Flash Cust. Set,?,,,
Exposure/Color,Flash,Reg. Flash Shooting Set,Shutter Speed Range,Maximum Speed,"Sync Speed-1/8000-30""",,
Exposure/Color,Flash,Reg. Flash Shooting Set,Shutter Speed Range,Minimum Speed,"Sync Speed-1/8000-30""",,
Exposure/Color,Flash,Reg. Flash Shooting Set,ISO,ISO Auto,?,,
Exposure/Color,Flash,Reg. Flash Shooting Set,ISO,ISO 50,,,
Exposure/Color,Flash,Reg. Flash Shooting Set,ISO,ISO 64,,,
Exposure/Color,Flash,Reg. Flash Shooting Set,ISO,ISO 80,,,
Exposure/Color,Flash,Reg. Flash Shooting Set,ISO,ISO 125,,,
Exposure/Color,Flash,Reg. Flash Shooting Set,ISO,ISO 160,,,
Exposure/Color,Flash,Reg. Flash Shooting Set,ISO,ISO 200,,,
Exposure/Color,Flash,Reg. Flash Shooting Set,ISO,ISO 250,,,
Exposure/Color,Flash,Reg. Flash Shooting Set,ISO,ISO 320,,,
Exposure/Color,Flash,Reg. Flash Shooting Set,ISO,ISO 400,,,
Exposure/Color,Flash,Reg. Flash Shooting Set,ISO,ISO 500,,,
Exposure/Color,Flash,Reg. Flash Shooting Set,ISO,ISO 640,,,
Exposure/Color,Flash,Reg. Flash Shooting Set,ISO,ISO 800,,,
Exposure/Color,Flash,Reg. Flash Shooting Set,ISO,ISO 1000,,,
Exposure/Color,Flash,Reg. Flash Shooting Set,ISO,ISO 1250,,,
Exposure/Color,Flash,Reg. Flash Shooting Set,ISO,ISO 1600,,,
Exposure/Color,Flash,Reg. Flash Shooting Set,ISO,ISO 2000,,,
Exposure/Color,Flash,Reg. Flash Shooting Set,ISO,ISO 2500,,,
Exposure/Color,Flash,Reg. Flash Shooting Set,ISO,ISO 3200,,,
Exposure/Color,Flash,Reg. Flash Shooting Set,ISO,ISO 4000,,,
Exposure/Color,Flash,Reg. Flash Shooting Set,ISO,ISO 5000,,,
Exposure/Color,Flash,Reg. Flash Shooting Set,ISO,ISO 6400,,,
Exposure/Color,Flash,Reg. Flash Shooting Set,ISO,ISO 8000,,,
Exposure/Color,Flash,Reg. Flash Shooting Set,ISO,ISO 10000,,,
Exposure/Color,Flash,Reg. Flash Shooting Set,ISO,ISO 12800,,,
Exposure/Color,White Balance,White Balance,Auto,,,,
Exposure/Color,White Balance,White Balance,Daylight,,,,
Exposure/Color,White Balance,White Balance,Shade,,,,
Exposure/Color,White Balance,White Balance,Cloudy,,,,
Exposure/Color,White Balance,White Balance,Incandescent,,,,
Exposure/Color,White Balance,White Balance,"Fluor., Warm White",,,,
Exposure/Color,White Balance,White Balance,"Fluor., Cool White",,,,
Exposure/Color,White Balance,White Balance,"Fluor., Day White",,,,
Exposure/Color,White Balance,White Balance,"Fluor., Daylight",,,,
Exposure/Color,White Balance,White Balance,Flash,,,,
Exposure/Color,White Balance,White Balance,Underwater Auto,,,,
Exposure/Color,White Balance,White Balance,C.Temp./Filter,,,,
Exposure/Color,White Balance,White Balance,Custom 1,,,,
Exposure/Color,White Balance,White Balance,Custom 2,,,,
Exposure/Color,White Balance,White Balance,Custom 3,,,,
Exposure/Color,White Balance,Priority Set in AWB,Standard,,,,
Exposure/Color,White Balance,Priority Set in AWB,Ambience,,,,
Exposure/Color,White Balance,Priority Set in AWB,White,,,,
Exposure/Color,White Balance,Shutter AWB Lock,Shutter Half Press,,,,
Exposure/Color,White Balance,Shutter AWB Lock,Cont. <i name="camera"/>Shooting,,,,
Exposure/Color,White Balance,Shutter AWB Lock,Off,,,,
Exposure/Color,Color/Tone,D-Range Optimizer,Off,,,,
Exposure/Color,Color/Tone,D-Range Optimizer,Auto,,,,
Exposure/Color,Color/Tone,D-Range Optimizer,Lv1,,,,
Exposure/Color,Color/Tone,D-Range Optimizer,Lv2,,,,
Exposure/Color,Color/Tone,D-Range Optimizer,Lv3,,,,
Exposure/Color,Color/Tone,D-Range Optimizer,Lv4,,,,
Exposure/Color,Color/Tone,D-Range Optimizer,Lv5,,,,
Exposure/Color,Color/Tone,Creative Look,ST,,,,
Exposure/Color,Color/Tone,Creative Look,PT,,,,
Exposure/Color,Color/Tone,Creative Look,NT,,,,
Exposure/Color,Color/Tone,Creative Look,VV,,,,
Exposure/Color,Color/Tone,Creative Look,VV2,,,,
Exposure/Color,Color/Tone,Creative Look,FL,,,,
Exposure/Color,Color/Tone,Creative Look,IN,,,,
Exposure/Color,Color/Tone,Creative Look,SH,,,,
Exposure/Color,Color/Tone,Creative Look,BW,,,,
Exposure/Color,Color/Tone,Creative Look,SE,,,,
Exposure/Color,Color/Tone,Creative Look,ST,,,,
Exposure/Color,Color/Tone,Creative Look,FL,,,,
Exposure/Color,Color/Tone,Creative Look,IN,,,,
Exposure/Color,Color/Tone,Creative Look,SH,,,,
Exposure/Color,Color/Tone,Creative Look,VV2,,,,
Exposure/Color,Color/Tone,Creative Look,BW,,,,
Exposure/Color,Color/Tone,Picture Profile,Off,,,,
Exposure/Color,Color/Tone,Picture Profile,PP1,,,,
Exposure/Color,Color/Tone,Picture Profile,PP2,,,,
Exposure/Color,Color/Tone,Picture Profile,PP3,,,,
Exposure/Color,Color/Tone,Picture Profile,PP4,,,,
Exposure/Color,Color/Tone,Picture Profile,PP5,,,,
Exposure/Color,Color/Tone,Picture Profile,PP6,,,,
Exposure/Color,Color/Tone,Picture Profile,PP7,,,,
Exposure/Color,Color/Tone,Picture Profile,PP8,,,,
Exposure/Color,Color/Tone,Picture Profile,PP9,,,,
Exposure/Color,Color/Tone,Picture Profile,PP10,,,,
Exposure/Color,Color/Tone,Picture Profile,PP11,,,,
Exposure/Color,Color/Tone,Soft Skin Effect,On,,,,
Exposure/Color,Color/Tone,Soft Skin Effect,Off,,,,
Exposure/Color,Zebra Display,Zebra Display,On,,,,
Exposure/Color,Zebra Display,Zebra Display,Off,,,,
Exposure/Color,Zebra Display,Zebra Level,70,,,,
Exposure/Color,Zebra Display,Zebra Level,80,,,,
Exposure/Color,Zebra Display,Zebra Level,85,,,,
Exposure/Color,Zebra Display,Zebra Level,90,,,,
Exposure/Color,Zebra Display,Zebra Level,95,,,,
Exposure/Color,Zebra Display,Zebra Level,100,,,,
Exposure/Color,Zebra Display,Zebra Level,100+,,,,
Exposure/Color,Zebra Display,Zebra Level,Custom 1,,,,
Exposure/Color,Zebra Display,Zebra Level,Custom 2,,,,
Focus,AF/MF,Focus Mode,?,,,,
Focus,AF/MF,Priority Set in AF-S,AF,,,,
Focus,AF/MF,Priority Set in AF-S,Release,,,,
Focus,AF/MF,Priority Set in AF-S,Balanced Emphasis,,,,
Focus,AF/MF,Priority Set in AF-C,AF,,,,
Focus,AF/MF,Priority Set in AF-C,Release,,,,
Focus,AF/MF,Priority Set in AF-C,Balanced Emphasis,,,,
Focus,AF/MF,AF Tracking Sensitivity,?,,,,
Focus,AF/MF,AF Illuminator,On,,,,
Focus,AF/MF,AF Illuminator,Off,,,,
Focus,AF/MF,Aperture Drive in AF,Focus Priority,,,,
Focus,AF/MF,Aperture Drive in AF,Standard,,,,
Focus,AF/MF,Aperture Drive in AF,Silent Priority,,,,
Focus,AF/MF,AF w/ Shutter,On,,,,
Focus,AF/MF,AF w/ Shutter,Off,,,,
Focus,AF/MF,Pre-AF,?,,,,
Focus,Focus Area,Focus Area,Wide,,,,
Focus,Focus Area,Focus Area,Zone,,,,
Focus,Focus Area,Focus Area,Center Fix,,,,
Focus,Focus Area,Focus Area,Spot: S,,,,
Focus,Focus Area,Focus Area,Spot: M,,,,
Focus,Focus Area,Focus Area,Spot: L,,,,
Focus,Focus Area,Focus Area,Expand Spot,,,,
Focus,Focus Area,Focus Area,Tracking: Wide,,,,
Focus,Focus Area,Focus Area,Tracking: Zone,,,,
Focus,Focus Area,Focus Area,Tracking: Center Fix,,,,
Focus,Focus Area,Focus Area,Tracking: Spot S,,,,
Focus,Focus Area,Focus Area,Tracking: Spot M,,,,
Focus,Focus Area,Focus Area,Tracking: Spot L,,,,
Focus,Focus Area,Focus Area,Tracking: Expand Spot,,,,
Focus,Focus Area,Focus Area Limit,Wide,,,,
Focus,Focus Area,Focus Area Limit,Zone,,,,
Focus,Focus Area,Focus Area Limit,Center Fix,,,,
Focus,Focus Area,Focus Area Limit,Spot: S,,,,
Focus,Focus Area,Focus Area Limit,Spot: M,,,,
Focus,Focus Area,Focus Area Limit,Spot: L,,,,
Focus,Focus Area,Focus Area Limit,Expand Spot,,,,
Focus,Focus Area,Focus Area Limit,Tracking: Wide,,,,
Focus,Focus Area,Focus Area Limit,Tracking: Zone,,,,
Focus,Focus Area,Focus Area Limit,Tracking: Center Fix,,,,
Focus,Focus Area,Focus Area Limit,Tracking: Spot S,,,,
Focus,Focus Area,Focus Area Limit,Tracking: Spot M,,,,
Focus,Focus Area,Focus Area Limit,Tracking: Spot L,,,,
Focus,Focus Area,Focus Area Limit,Tracking: Expand Slot,,,,
Focus,Focus Area,Switch V/H AF Area,Off,,,,
Focus,Focus Area,Switch V/H AF Area,AF Point Only,,,,
Focus,Focus Area,Switch V/H AF Area,AF Point + AF Area,,,,
Focus,Focus Area,Focus Area Color,White,,,,
Focus,Focus Area,Focus Area Color,Red,,,,
Focus,Focus Area,AF Area Registration,On,,,,
Focus,Focus Area,AF Area Registration,Off,,,,
Focus,Focus Area,Del. Regist. AF Area,,,,,
Focus,Focus Area,AF Area Auto Clear,On,,,,
Focus,Focus Area,AF Area Auto Clear,Off,,,,
Focus,Focus Area,Area Disp. dur Tracking,On,,,,
Focus,Focus Area,Area Disp. dur Tracking,Off,,,,
Focus,Focus Area,AF-C Area Display,On,,,,
Focus,Focus Area,AF-C Area Display,Off,,,,
Focus,Focus Area,Phase Detect Area,On,?,,,
Focus,Focus Area,Phase Detect Area,Off,,,,
Focus,Focus Area,Circ. of Focus Point,Does Not Circulate,,,,
Focus,Focus Area,Circ. of Focus Point,Circulate,,,,
Focus,Focus Area,AF Frame Move Amt,Standard,,,,
Focus,Focus Area,AF Frame Move Amt,Large,,,,
Focus,Face/Eye AF,Face/Eye Prior. in AF,On,,,,
Focus,Face/Eye AF,Face/Eye Prior. in AF,Off,,,,
Focus,Face/Eye AF,Face/Eye Subject,Human,,,,
Focus,Face/Eye AF,Face/Eye Subject,Animal,,,,
Focus,Face/Eye AF,Face/Eye Subject,Bird,,,,
Focus,Face/Eye AF,Subject Sel. Setting,Human,,,,
Focus,Face/Eye AF,Subject Sel. Setting,Animal,,,,
Focus,Face/Eye AF,Subject Sel. Setting,Bird,,,,
Focus,Face/Eye AF,Right/Left Eye Select,Auto,,,,
Focus,Face/Eye AF,Right/Left Eye Select,Right,,,,
Focus,Face/Eye AF,Right/Left Eye Select,Left,,,,
Focus,Face/Eye AF,Face/Eye Frame Disp.,On,,,,
Focus,Face/Eye AF,Face/Eye Frame Disp.,Off,,,,
Focus,Face/Eye AF,Face Memory,New Registration,,,,
Focus,Face/Eye AF,Face Memory,Order Exchanging,,,,
Focus,Face/Eye AF,Face Memory,Delete,,,,
Focus,Face/Eye AF,Face Memory,Delete All,,,,
Focus,Face/Eye AF,Regist. Faces Priority,On,,,,
Focus,Face/Eye AF,Regist. Faces Priority,Off,,,,
Focus,Focus Assistant,Auto Magnifier in MF,On,,,,
Focus,Focus Assistant,Auto Magnifier in MF,Off,,,,
Focus,Focus Assistant,Focus Magnifier,,,,,
Focus,Focus Assistant,Focus Magnif. Time,2 Sec,,,,
Focus,Focus Assistant,Focus Magnif. Time,5 Sec,,,,
Focus,Focus Assistant,Focus Magnif. Time,No Limit,,,,
Focus,Focus Assistant,Initial Focus Mag.,x1.0,,,,
Focus,Focus Assistant,Initial Focus Mag.,x5.5,,,,
Focus,Focus Assistant,AF in Focus Mag.,On,,,,
Focus,Focus Assistant,AF in Focus Mag.,Off,,,,
Focus,Peaking Display,Peaking Display,On,,,,
Focus,Peaking Display,Peaking Display,Off,,,,
Focus,Peaking Display,Peaking Level,High,,,,
Focus,Peaking Display,Peaking Level,Mid,,,,
Focus,Peaking Display,Peaking Level,Low,,,,
Focus,Peaking Display,Peaking Color,Red,,,,
Focus,Peaking Display,Peaking Color,Yellow,,,,
Focus,Peaking Display,Peaking Color,Blue,,,,
Focus,Peaking Display,Peaking Color,White,,,,
Playback,Playback Target,Select Playback Media,Slot 1,,,,
Playback,Playback Target,Select Playback Media,Slot 2,,,,
Playback,Playback Target,View Mode,Date View,,,,
Playback,Playback Target,View Mode,Folder View(Still),,,,
Playback,Playback Target,View Mode,Movie View,,,,
Playback,Magnification,Enlarge Image,,,,,
Playback,Magnification,Enlarge Initial Mag.,Standard. Mag.,,,,
Playback,Magnification,Enlarge Initial Mag.,Previous Mag.,,,,
Playback,Magnification,Enlarge Initial Position,Focused Position,,,,
Playback,Magnification,Enlarge Initial Position,Center,,,,
Playback,Selection/Memo,Protect,,,,,
Playback,Selection/Memo,Rating,,,,,
Playback,Selection/Memo,Rating Set(Custom Key),1*,,,,
Playback,Selection/Memo,Rating Set(Custom Key),2*,,,,
Playback,Selection/Memo,Rating Set(Custom Key),3*,,,,
Playback,Selection/Memo,Rating Set(Custom Key),4*,,,,
Playback,Selection/Memo,Rating Set(Custom Key),5*,,,,
Playback,Delete,Delete,Multiple Img.,,,,
Playback,Delete,Delete,All with this date,,,,
Playback,Delete,Delete pressing twice,On,,,,
Playback,Delete,Delete pressing twice,Off,,,,
Playback,Delete,Delete confirm.,"""Delete"" first",,,,
Playback,Delete,Delete confirm.,"""Cancel"" first",,,,
Playback,Edit,Crop,,,,,
Playback,Edit,Rotate,,,,,
Playback,Edit,Copy,,,,,
Playback,Edit,Photo Capture,,,,,
Playback,Edit,JPEG/HEIF Switch,JPEG,,,,
Playback,Edit,JPEG/HEIF Switch,HEIF(4:2:0),,,,
Playback,Edit,JPEG/HEIF Switch,HEIF(4:2:2),,,,
Playback,Viewing,Cont. Play for Interval,,,,,
Playback,Viewing,Play Speed For Interval,9 (Fast),,,,
Playback,Viewing,Play Speed For Interval,8,,,,
Playback,Viewing,Play Speed For Interval,7,,,,
Playback,Viewing,Play Speed For Interval,6,,,,
Playback,Viewing,Play Speed For Interval,5,,,,
Playback,Viewing,Play Speed For Interval,4,,,,
Playback,Viewing,Play Speed For Interval,3,,,,
Playback,Viewing,Play Speed For Interval,2,,,,
Playback,Viewing,Play Speed For Interval,1 (Slow),,,,
Playback,Viewing,Slide Show,Repeat,On,,,
Playback,Viewing,Slide Show,Repeat,Off,,,
Playback,Viewing,Slide Show,Interval,1 Sec,,,
Playback,Viewing,Slide Show,Interval,3 Sec,,,
Playback,Viewing,Slide Show,Interval,5 Sec,,,
Playback,Viewing,Slide Show,Interval,10 Sec,,,
Playback,Viewing,Slide Show,Interval,30 Sec,,,
Playback,Playback Option,Image Index,9 Images,,,,
Playback,Playback Option,Image Index,30 Images,,,,
Playback,Playback Option,Display as Group,On,,,,
Playback,Playback Option,Display as Group,Off,,,,
Playback,Playback Option,Display Rotation,Auto,,,,
Playback,Playback Option,Display Rotation,Manual,,,,
Playback,Playback Option,Display Rotation,Off,,,,
Playback,Playback Option,Focus Frame Display,On,,,,
Playback,Playback Option,Focus Frame Display,Off,,,,
Playback,Playback Option,Disp Specified Time Img.,[Date selector],,,,
Playback,Playback Option,Image Jump Setting,Front dial,One by one,,,
Playback,Playback Option,Image Jump Setting,Front dial,By 10 images,,,
Playback,Playback Option,Image Jump Setting,Front dial,By 100 images,,,
Playback,Playback Option,Image Jump Setting,Front dial,By 3 minutes,,,
Playback,Playback Option,Image Jump Setting,Front dial,By 5 minutes,,,
Playback,Playback Option,Image Jump Setting,Front dial,By 10 minutes,,,
Playback,Playback Option,Image Jump Setting,Front dial,By 30 minutes,,,
Playback,Playback Option,Image Jump Setting,Front dial,By 1 hour,,,
Playback,Playback Option,Image Jump Setting,Front dial,By 3 hours,,,
Playback,Playback Option,Image Jump Setting,Front dial,By 6 hours,,,
Playback,Playback Option,Image Jump Setting,Front dial,By 12 hours,,,
Playback,Playback Option,Image Jump Setting,Front dial,By 24 hours,,,
Playback,Playback Option,Image Jump Setting,Front dial,Protect Only,,,
Playback,Playback Option,Image Jump Setting,Front dial,Rating Only,,,
Playback,Playback Option,Image Jump Setting,Front dial,Rating Only (1*),,,
Playback,Playback Option,Image Jump Setting,Front dial,Rating Only (2*),,,
Playback,Playback Option,Image Jump Setting,Front dial,Rating Only (3*),,,
Playback,Playback Option,Image Jump Setting,Front dial,Rating Only (4*),,,
Playback,Playback Option,Image Jump Setting,Front dial,Rating Only (5*),,,
Playback,Playback Option,Image Jump Setting,Front dial,W/O Raring Only,,,
Playback,Playback Option,Image Jump Setting,Front dial,Shot Mark Only,,,
Playback,Playback Option,Image Jump Setting,Front dial,Shot Mark1 Only,,,
Playback,Playback Option,Image Jump Setting,Front dial,Shot Mark2 Only,,,
Playback,Playback Option,Image Jump Setting,Front dial,No Shot Mark,,,
Playback,Playback Option,Image Jump Setting,Front dial,Divider Frame Only,,,
Playback,Playback Option,Image Jump Setting,Front dial,Image After Divider,,,
Playback,Playback Option,Image Jump Setting,Rear Dial L,One by one,,,
Playback,Playback Option,Image Jump Setting,Rear Dial L,By 10 images,,,
Playback,Playback Option,Image Jump Setting,Rear Dial L,By 100 images,,,
Playback,Playback Option,Image Jump Setting,Rear Dial L,By 3 minutes,,,
Playback,Playback Option,Image Jump Setting,Rear Dial L,By 5 minutes,,,
Playback,Playback Option,Image Jump Setting,Rear Dial L,By 10 minutes,,,
Playback,Playback Option,Image Jump Setting,Rear Dial L,By 30 minutes,,,
Playback,Playback Option,Image Jump Setting,Rear Dial L,By 1 hour,,,
Playback,Playback Option,Image Jump Setting,Rear Dial L,By 3 hours,,,
Playback,Playback Option,Image Jump Setting,Rear Dial L,By 6 hours,,,
Playback,Playback Option,Image Jump Setting,Rear Dial L,By 12 hours,,,
Playback,Playback Option,Image Jump Setting,Rear Dial L,By 24 hours,,,
Playback,Playback Option,Image Jump Setting,Rear Dial L,Protect Only,,,
Playback,Playback Option,Image Jump Setting,Rear Dial L,Rating Only,,,
Playback,Playback Option,Image Jump Setting,Rear Dial L,Rating Only (1*),,,
Playback,Playback Option,Image Jump Setting,Rear Dial L,Rating Only (2*),,,
Playback,Playback Option,Image Jump Setting,Rear Dial L,Rating Only (3*),,,
Playback,Playback Option,Image Jump Setting,Rear Dial L,Rating Only (4*),,,
Playback,Playback Option,Image Jump Setting,Rear Dial L,Rating Only (5*),,,
Playback,Playback Option,Image Jump Setting,Rear Dial L,W/O Raring Only,,,
Playback,Playback Option,Image Jump Setting,Rear Dial L,Shot Mark Only,,,
Playback,Playback Option,Image Jump Setting,Rear Dial L,Shot Mark1 Only,,,
Playback,Playback Option,Image Jump Setting,Rear Dial L,Shot Mark2 Only,,,
Playback,Playback Option,Image Jump Setting,Rear Dial L,No Shot Mark,,,
Playback,Playback Option,Image Jump Setting,Rear Dial L,Divider Frame Only,,,
Playback,Playback Option,Image Jump Setting,Rear Dial L,Image After Divider,,,
Playback,Playback Option,Image Jump Setting,Rear Dial R,One by one,,,
Playback,Playback Option,Image Jump Setting,Rear Dial R,By 10 images,,,
Playback,Playback Option,Image Jump Setting,Rear Dial R,By 100 images,,,
Playback,Playback Option,Image Jump Setting,Rear Dial R,By 3 minutes,,,
Playback,Playback Option,Image Jump Setting,Rear Dial R,By 5 minutes,,,
Playback,Playback Option,Image Jump Setting,Rear Dial R,By 10 minutes,,,
Playback,Playback Option,Image Jump Setting,Rear Dial R,By 30 minutes,,,
Playback,Playback Option,Image Jump Setting,Rear Dial R,By 1 hour,,,
Playback,Playback Option,Image Jump Setting,Rear Dial R,By 3 hours,,,
Playback,Playback Option,Image Jump Setting,Rear Dial R,By 6 hours,,,
Playback,Playback Option,Image Jump Setting,Rear Dial R,By 12 hours,,,
Playback,Playback Option,Image Jump Setting,Rear Dial R,By 24 hours,,,
Playback,Playback Option,Image Jump Setting,Rear Dial R,Protect Only,,,
Playback,Playback Option,Image Jump Setting,Rear Dial R,Rating Only,,,
Playback,Playback Option,Image Jump Setting,Rear Dial R,Rating Only (1*),,,
Playback,Playback Option,Image Jump Setting,Rear Dial R,Rating Only (2*),,,
Playback,Playback Option,Image Jump Setting,Rear Dial R,Rating Only (3*),,,
Playback,Playback Option,Image Jump Setting,Rear Dial R,Rating Only (4*),,,
Playback,Playback Option,Image Jump Setting,Rear Dial R,Rating Only (5*),,,
Playback,Playback Option,Image Jump Setting,Rear Dial R,W/O Raring Only,,,
Playback,Playback Option,Image Jump Setting,Rear Dial R,Shot Mark Only,,,
Playback,Playback Option,Image Jump Setting,Rear Dial R,Shot Mark1 Only,,,
Playback,Playback Option,Image Jump Setting,Rear Dial R,Shot Mark2 Only,,,
Playback,Playback Option,Image Jump Setting,Rear Dial R,No Shot Mark,,,
Playback,Playback Option,Image Jump Setting,Rear Dial R,Divider Frame Only,,,
Playback,Playback Option,Image Jump Setting,Rear Dial R,Image After Divider,,,
Network,Cnct./PC Remote,Smartphone Connection,[QR Code],,,,
Network,Cnct./PC Remote,PC Remote Function,PC Remote,?,,,
Network,Cnct./PC Remote,PC Remote Function,Pairing,?,,,
Network,Cnct./PC Remote,PC Remote Function,Wi-Fi Direct Info.,,,,
Network,Cnct./PC Remote,Select on Cam & Send,Send,This Image,,,
Network,Cnct./PC Remote,Select on Cam & Send,Send,All with this date,,,
Network,Cnct./PC Remote,Select on Cam & Send,Send,Filtered Images,,,
Network,Cnct./PC Remote,Select on Cam & Send,Send,Multiple Images,,,
Network,Cnct./PC Remote,Select on Cam & Send,Size of Sending Image,Original,,,
Network,Cnct./PC Remote,Select on Cam & Send,Size of Sending Image,2M,,,
Network,Cnct./PC Remote,Select on Cam & Send,RAM+J/H Send Target,JPEG & HEIF,,,
Network,Cnct./PC Remote,Select on Cam & Send,RAM+J/H Send Target,RAW,,,
Network,Cnct./PC Remote,Select on Cam & Send,RAM+J/H Send Target,RAW+J & RAW+H,,,
Network,Cnct./PC Remote,Select on Cam & Send,Sending Target,Proxy Only,,,
Network,Cnct./PC Remote,Select on Cam & Send,Sending Target,Original Only,,,
Network,Cnct./PC Remote,Select on Cam & Send,Sending Target,Proxy & Original,,,
Network,Cnct./PC Remote,Reset Transfer Status,Slot 1,,,,
Network,Cnct./PC Remote,Reset Transfer Status,Slot 2,,,,
Network,Cnct./PC Remote,Cnct. while Power OFF,On,,,,
Network,Cnct./PC Remote,Cnct. while Power OFF,Off,,,,
Network,Cnct./PC Remote,Remote Shoot Setting,Still Img. Save Dest.,Destination Only,,,
Network,Cnct./PC Remote,Remote Shoot Setting,Still Img. Save Dest.,Dest.+Camera,,,
Network,Cnct./PC Remote,Remote Shoot Setting,Still Img. Save Dest.,Camera Only,,,
Network,Cnct./PC Remote,Remote Shoot Setting,Save Image Size,Original,,,
Network,Cnct./PC Remote,Remote Shoot Setting,Save Image Size,2M,,,
Network,Cnct./PC Remote,Remote Shoot Setting,RAW+H Save Image,?,,,
Network,Cnct./PC Remote,Remote Shoot Setting,Save HEIF Size,Large Size,,,
Network,Cnct./PC Remote,Remote Shoot Setting,Save HEIF Size,Small Size,,,
Network,FTP Transfer,FTP Transfer Func.,FTP Function,On,,,
Network,FTP Transfer,FTP Transfer Func.,FTP Function,Off,,,
Network,FTP Transfer,FTP Transfer Func.,Server Setting,Server 1,,,
Network,FTP Transfer,FTP Transfer Func.,Server Setting,Server 2,,,
Network,FTP Transfer,FTP Transfer Func.,Server Setting,Server 3,,,
Network,FTP Transfer,FTP Transfer Func.,Server Setting,Server 4,,,
Network,FTP Transfer,FTP Transfer Func.,Server Setting,Server 5,,,
Network,FTP Transfer,FTP Transfer Func.,Server Setting,Server 6,,,
Network,FTP Transfer,FTP Transfer Func.,Server Setting,Server 7,,,
Network,FTP Transfer,FTP Transfer Func.,Server Setting,Server 8,,,
Network,FTP Transfer,FTP Transfer Func.,Server Setting,Server 9,,,
Network,FTP Transfer,FTP Transfer Func.,Save/Load FTP Settings,Load,,,
Network,FTP Transfer,FTP Transfer Func.,Save/Load FTP Settings,Save,,,
Network,FTP Transfer,FTP Transfer Func.,Save/Load FTP Settings,Delete,,,
Network,FTP Transfer,FTP Transfer Func.,FTP Transfer,?,,,
Network,FTP Transfer,FTP Transfer Func.,Display FTP Error Info.,,,,
Network,FTP Transfer,FTP Transfer Func.,Display FTP Result,Slot 1,,,
Network,FTP Transfer,FTP Transfer Func.,Display FTP Result,Slot 2,,,
Network,FTP Transfer,FTP Transfer Func.,Auto FTP Transfer,On,,,
Network,FTP Transfer,FTP Transfer Func.,Auto FTP Transfer,Off,,,
Network,FTP Transfer,FTP Transfer Func.,Auto FTP Target,Still Image,,,
Network,FTP Transfer,FTP Transfer Func.,Auto FTP Target,Movie,All,,
Network,FTP Transfer,FTP Transfer Func.,Auto FTP Target,Movie,Only Shot Mark,,
Network,FTP Transfer,FTP Transfer Func.,RAW+J/H Transfer Target,JPEG & HEIF,,,
Network,FTP Transfer,FTP Transfer Func.,RAW+J/H Transfer Target,RAW,,,
Network,FTP Transfer,FTP Transfer Func.,RAW+J/H Transfer Target,RAW+J & RAW+H,,,
Network,FTP Transfer,FTP Transfer Func.,Transfer JPEG Size,Large Size,,,
Network,FTP Transfer,FTP Transfer Func.,Transfer JPEG Size,Small Size,,,
Network,FTP Transfer,FTP Transfer Func.,Transfer HEIF Size,Large Size,,,
Network,FTP Transfer,FTP Transfer Func.,Transfer HEIF Size,Small Size,,,
Network,FTP Transfer,FTP Transfer Func.,Transfer Target,Proxy Only,,,
Network,FTP Transfer,FTP Transfer Func.,Transfer Target,Original Only,,,
Network,FTP Transfer,FTP Transfer Func.,Transfer Target,Proxy & Original,,,
Network,FTP Transfer,FTP Transfer Func.,FTP Power Save,On,,,
Network,FTP Transfer,FTP Transfer Func.,FTP Power Save,Off,,,
Network,Streaming,Network Streaming,Streaming,On,,,
Network,Streaming,Network Streaming,Streaming,Off,,,
Network,Streaming,Network Streaming,Stream Connect Error Display,,,,
Network,Streaming,Network Streaming,Output Img. Quality Set,Quality,High,,
Network,Streaming,Network Streaming,Output Img. Quality Set,Quality,Standard,,
Network,Streaming,Network Streaming,Output Img. Quality Set,Quality,Low,,
Network,Streaming,Network Streaming,Output Img. Quality Set,Quality,Custom,,
Network,Streaming,Network Streaming,Output Img. Quality Set,Resolution,4K (2160p),,
Network,Streaming,Network Streaming,Output Img. Quality Set,Resolution,2K (1440p),,
Network,Streaming,Network Streaming,Output Img. Quality Set,Resolution,HD (1080p),,
Network,Streaming,Network Streaming,Output Img. Quality Set,Resolution,HD (720p),,
Network,Streaming,Network Streaming,Output Img. Quality Set,Frame Rate,60p,,
Network,Streaming,Network Streaming,Output Img. Quality Set,Frame Rate,30p,,
Network,Streaming,Network Streaming,Output Img. Quality Set,Bit Rate,4.5-27.0Mbps,,
Network,Streaming,Network Streaming,Output Information Display,?,,,
Network,Streaming,Network Streaming,Movie Rec During Streaming,Enable,,,
Network,Streaming,Network Streaming,Movie Rec During Streaming,Disable,,,
Network,Streaming,Network Streaming,Emphasized Output Display,On,,,
Network,Streaming,Network Streaming,Emphasized Output Display,Off,,,
Network,Streaming,Network Streaming,Root Certificate Error,Connect,,,
Network,Streaming,Network Streaming,Root Certificate Error,Does Not Connect,,,
Network,Creators' Cloud,Cloud Connection,On,,,,
Network,Creators' Cloud,Cloud Connection,Off,,,,
Network,Creators' Cloud,Cloud Information,Account Info,,,,
Network,Creators' Cloud,Cloud Information,Error Info.,,,,
Network,Creators' Cloud,Cloud Information,SSID,,,,
Network,Wi-Fi,Wi-Fi Connect,On,,,,
Network,Wi-Fi,Wi-Fi Connect,Off,,,,
Network,Wi-Fi,WPS Push,,,,,
Network,Wi-Fi,Access Point Set.,,,,,
Network,Wi-Fi,Wi-Fi Frequency Band,2.4GHz,,,,
Network,Wi-Fi,Wi-Fi Frequency Band,5GHz,,,,
Network,Wi-Fi,Display Wi-Fi Info.,IP Address Setting,,,,
Network,Wi-Fi,Display Wi-Fi Info.,IP Address,,,,
Network,Wi-Fi,Display Wi-Fi Info.,Subnet Mask,,,,
Network,Wi-Fi,Display Wi-Fi Info.,Default Gateway,,,,
Network,Wi-Fi,Display Wi-Fi Info.,Primary DNS Server,,,,
Network,Wi-Fi,Display Wi-Fi Info.,Second DNS Server,,,,
Network,Wi-Fi,Display Wi-Fi Info.,MAC Address,,,,
Network,Wi-Fi,Display Wi-Fi Info.,Import MAC Address,,,,
Network,Wi-Fi,SSID/PW Reset,,,,,
Network,Bluetooth,Bluetooth Function,On,,,,
Network,Bluetooth,Bluetooth Function,Off,,,,
Network,Bluetooth,Pairing,,,,,
Network,Bluetooth,Manage Paired Device,Select device to delete.,,,,
Network,Bluetooth,Bluetooth Rmt Ctrl,On,,,,
Network,Bluetooth,Bluetooth Rmt Ctrl,Off,,,,
Network,Bluetooth,Disp Device Address,,,,,
Network,Wired LAN,IP Address Setting,Manual,Default Gateway,,,
Network,Wired LAN,IP Address Setting,Manual,Subnet Mask,,,
Network,Wired LAN,IP Address Setting,Manual,IP Address,,,
Network,Wired LAN,IP Address Setting,Auto,,,,
Network,Wired LAN,Display Wired LAN Info.,IP Address Setting,,,,
Network,Wired LAN,Display Wired LAN Info.,IP Address,,,,
Network,Wired LAN,Display Wired LAN Info.,Subnet Mask,,,,
Network,Wired LAN,Display Wired LAN Info.,Default Gateway,,,,
Network,Wired LAN,Display Wired LAN Info.,Primary DNS Server,,,,
Network,Wired LAN,Display Wired LAN Info.,Second DNS Server,,,,
Network,Wired LAN,Display Wired LAN Info.,MAC Address,,,,
Network,Wired LAN,Display Wired LAN Info.,Import MAC Address,,,,
Network,USB-LAN/Tethering,USB-LAN Connection,,,,,
Network,USB-LAN/Tethering,Tethering Connection,,,,,
Network,Network Option,Airplane Mode,On,,,,
Network,Network Option,Airplane Mode,Off,,,,
Network,Network Option,Edit Device Name,,,,,
Network,Network Option,Import Root Certificate,FTP Function,,,,
Network,Network Option,Import Root Certificate,Streaming,,,,
Network,Network Option,Access Authen. Settings,Access Authen.,On,,,
Network,Network Option,Access Authen. Settings,Access Authen.,Off,,,
Network,Network Option,Access Authen. Settings,User,,,,
Network,Network Option,Access Authen. Settings,Password (Reset),,,,
Network,Network Option,Access Authen. Settings,Genrate Password,,,,
Network,Network Option,Access Authen. Info,,,,,
Network,Network Option,Security(IPsec),,,,,
Network,Network Option,Reset Network Set.,,,,,
Setup,Area/Date,Language,English,,,,
Setup,Area/Date,Language,Français,,,,
Setup,Area/Date,Language,Nederlands,,,,
Setup,Area/Date,Language,Svenska,,,,
Setup,Area/Date,Language,Dansk,,,,
Setup,Area/Date,Language,Norsk,,,,
Setup,Area/Date,Language,Suomi,,,,
Setup,Area/Date,Language,Русский,,,,
Setup,Area/Date,Language,Українська,,,,
Setup,Area/Date,Language,Polski,,,,
Setup,Area/Date,Language,Česky,,,,
Setup,Area/Date,Language,Magyar,,,,
Setup,Area/Date,Language,Ελληνικά,,,,
Setup,Area/Date,Language,Türkçe,,,,
Setup,Area/Date,Area/Date/Time Setting,Area Setting,Berlin/Paris,,,
Setup,Area/Date,Area/Date/Time Setting,Area Setting,Lisbon/London,,,
Setup,Area/Date,Area/Date/Time Setting,Area Setting,Azores/Cape Verde Is.,,,
Setup,Area/Date,Area/Date/Time Setting,Area Setting,Fernando de Noronha,,,
Setup,Area/Date,Area/Date/Time Setting,Area Setting,Brasilia/Montevideo,,,
Setup,Area/Date,Area/Date/Time Setting,Area Setting,St.John's,,,
Setup,Area/Date,Area/Date/Time Setting,Area Setting,Santiago,,,
Setup,Area/Date,Area/Date/Time Setting,Area Setting,New York/Bogota,,,
Setup,Area/Date,Area/Date/Time Setting,Area Setting,Chicago/MexicoCity,,,
Setup,Area/Date,Area/Date/Time Setting,Area Setting,Denver/Arizona,,,
Setup,Area/Date,Area/Date/Time Setting,Area Setting,San Francisco/Tijuana,,,
Setup,Area/Date,Area/Date/Time Setting,Area Setting,Alaska,,,
Setup,Area/Date,Area/Date/Time Setting,Area Setting,Hawaii,,,
Setup,Area/Date,Area/Date/Time Setting,Area Setting,Midway Island,,,
Setup,Area/Date,Area/Date/Time Setting,Area Setting,Fiji/Wellington,,,
Setup,Area/Date,Area/Date/Time Setting,Area Setting,Solomon Is,,,
Setup,Area/Date,Area/Date/Time Setting,Area Setting,Melbourne/Sydney,,,
Setup,Area/Date,Area/Date/Time Setting,Area Setting,Adelaide/Darwin,,,
Setup,Area/Date,Area/Date/Time Setting,Area Setting,Tokyo/Seoul,,,
Setup,Area/Date,Area/Date/Time Setting,Area Setting,HongKong/Singapore/Beijing,,,
Setup,Area/Date,Area/Date/Time Setting,Area Setting,Bangkok/Jakarta,,,
Setup,Area/Date,Area/Date/Time Setting,Area Setting,Yangon,,,
Setup,Area/Date,Area/Date/Time Setting,Area Setting,Almaty/Dhaka,,,
Setup,Area/Date,Area/Date/Time Setting,Area Setting,Kolkata/New Delhi,,,
Setup,Area/Date,Area/Date/Time Setting,Area Setting,Karachi/Islamabad,,,
Setup,Area/Date,Area/Date/Time Setting,Area Setting,Kabul,,,
Setup,Area/Date,Area/Date/Time Setting,Area Setting,Abu Dhabi/Baku,,,
Setup,Area/Date,Area/Date/Time Setting,Area Setting,Tehran,,,
Setup,Area/Date,Area/Date/Time Setting,Area Setting,Moscow/Nairobi,,,
Setup,Area/Date,Area/Date/Time Setting,Area Setting,Helsinki/Cairo/Istanbul,,,
Setup,Area/Date,Area/Date/Time Setting,Daylight Savings,On,,,
Setup,Area/Date,Area/Date/Time Setting,Daylight Savings,Off,,,
Setup,Area/Date,Area/Date/Time Setting,Date/Time,,,,
Setup,Area/Date,Area/Date/Time Setting,Date Format,Y-M-D,,,
Setup,Area/Date,Area/Date/Time Setting,Date Format,M (English)-D-Y,,,
Setup,Area/Date,Area/Date/Time Setting,Date Format,M-D-Y,,,
Setup,Area/Date,Area/Date/Time Setting,Date Format,D-M-Y,,,
Setup,Area/Date,NTSC/PAL Selector,PAL (reboot),,,,
Setup,Area/Date,NTSC/PAL Selector,NTSC (reboot),,,,
Setup,Reset/Save Settings,Setting Reset,Camera Settings Reset,,,,
Setup,Reset/Save Settings,Setting Reset,Initialize,,,,
Setup,Reset/Save Settings,Save/Load Settings,Load,,,,
Setup,Reset/Save Settings,Save/Load Settings,Save,,,,
Setup,Reset/Save Settings,Save/Load Settings,Delete,,,,
Setup,Operation Customize,Zoom Ring Rotate,,,,,
Setup,Dial Customize,(still) Custom Key/Dial Set.,Rear5,1,,,
Setup,Dial Customize,(still) Custom Key/Dial Set.,Rear4,2,,,
Setup,Dial Customize,(still) Custom Key/Dial Set.,Rear3,3,,,
Setup,Dial Customize,(still) Custom Key/Dial Set.,Rear2,4,,,
Setup,Dial Customize,(still) Custom Key/Dial Set.,Rear1,5,,,
Setup,Dial Customize,(still) Custom Key/Dial Set.,Rear2,1,,,
Setup,Dial Customize,(still) Custom Key/Dial Set.,Rear2,2,,,
Setup,Dial Customize,(still) Custom Key/Dial Set.,Rear2,3,,,
Setup,Dial Customize,(still) Custom Key/Dial Set.,Rear2,4,,,
Setup,Dial Customize,(still) Custom Key/Dial Set.,Rear2,5,,,
Setup,Dial Customize,(still) Custom Key/Dial Set.,Top,1,,,
Setup,Dial Customize,(still) Custom Key/Dial Set.,Top,2,,,
Setup,Dial Customize,(still) Custom Key/Dial Set.,Lens,1,,,
Setup,Dial Customize,(still) Custom Key/Dial Set.,Dial/Wheel,1,,,
Setup,Dial Customize,(still) Custom Key/Dial Set.,Dial/Wheel,2,,,
Setup,Dial Customize,(still) Custom Key/Dial Set.,Dial/Wheel,3,,,
Setup,Dial Customize,(still) Custom Key/Dial Set.,Dial/Wheel,4,,,
Setup,Dial Customize,(still) Custom Key/Dial Set.,Dial/Wheel,Separate M mode and other modes,,,
Setup,Dial Customize,(video) Custom Key/Dial Set.,Rear5,1,,,
Setup,Dial Customize,(video) Custom Key/Dial Set.,Rear4,2,,,
Setup,Dial Customize,(video) Custom Key/Dial Set.,Rear3,3,,,
Setup,Dial Customize,(video) Custom Key/Dial Set.,Rear2,4,,,
Setup,Dial Customize,(video) Custom Key/Dial Set.,Rear1,5,,,
Setup,Dial Customize,(video) Custom Key/Dial Set.,Rear2,1,,,
Setup,Dial Customize,(video) Custom Key/Dial Set.,Rear2,2,,,
Setup,Dial Customize,(video) Custom Key/Dial Set.,Rear2,3,,,
Setup,Dial Customize,(video) Custom Key/Dial Set.,Rear2,4,,,
Setup,Dial Customize,(video) Custom Key/Dial Set.,Rear2,5,,,
Setup,Dial Customize,(video) Custom Key/Dial Set.,Top,1,,,
Setup,Dial Customize,(video) Custom Key/Dial Set.,Top,1,,,
Setup,Dial Customize,(video) Custom Key/Dial Set.,Lens,2,,,
Setup,Dial Customize,(video) Custom Key/Dial Set.,Dial/Wheel,1,,,
Setup,Dial Customize,(video) Custom Key/Dial Set.,Dial/Wheel,2,,,
Setup,Dial Customize,(video) Custom Key/Dial Set.,Dial/Wheel,3,,,
Setup,Dial Customize,(video) Custom Key/Dial Set.,Dial/Wheel,4,,,
Setup,Dial Customize,(video) Custom Key/Dial Set.,Dial/Wheel,Separate M mode and other modes,,,
Setup,Dial Customize,My Dial Settings,Front dial,,,,
Setup,Dial Customize,My Dial Settings,Rear Dial L,,,,
Setup,Dial Customize,My Dial Settings,Rear Dial R,,,,
Setup,Dial Customize,My Dial Settings,Control Wheel,,,,
Setup,Dial Customize,Av/Tv Rotate,Normal,,,,
Setup,Dial Customize,Av/Tv Rotate,Reverse,,,,
Setup,Dial Customize,Function Ring(Lens),Power Focus,,,,
Setup,Dial Customize,Function Ring(Lens),APS-C S35 / Full Frame,,,,
Setup,Dial Customize,Lock Operation Parts,Off,,,,
Setup,Dial Customize,Lock Operation Parts,Multi-Selector Only,,,,
Setup,Dial Customize,Lock Operation Parts,Dial + Wheel,,,,
Setup,Dial Customize,Lock Operation Parts,All,,,,
Setup,Touch Operation,Touch Operation,On,,,,
Setup,Touch Operation,Touch Operation,On: Playback Only,,,,
Setup,Touch Operation,Touch Operation,Off,,,,
Setup,Touch Operation,Touch Panel/Pad,Both Valid,,,,
Setup,Touch Operation,Touch Panel/Pad,Touch Panel Only,,,,
Setup,Touch Operation,Touch Panel/Pad,Touch Pad Only,,,,
Setup,Touch Operation,Touch Pad Settings,Operation in Vertical Orientation,On,,,
Setup,Touch Operation,Touch Pad Settings,Operation in Vertical Orientation,Off,,,
Setup,Touch Operation,Touch Pad Settings,Touch Position Mode,Absolute Position,,,
Setup,Touch Operation,Touch Pad Settings,Touch Position Mode,Relative Position,,,
Setup,Touch Operation,Touch Pad Settings,Operation Area,Whole Screen,,,
Setup,Touch Operation,Touch Pad Settings,Operation Area,Right 1/2,,,
Setup,Touch Operation,Touch Pad Settings,Operation Area,Right 1/4,,,
Setup,Touch Operation,Touch Pad Settings,Operation Area,Upper Right,,,
Setup,Touch Operation,Touch Pad Settings,Operation Area,Lower Right,,,
Setup,Touch Operation,Touch Pad Settings,Operation Area,Left 1/2,,,
Setup,Touch Operation,Touch Pad Settings,Operation Area,Left 1/4,,,
Setup,Touch Operation,Touch Pad Settings,Operation Area,Upper Left,,,
Setup,Touch Operation,Touch Pad Settings,Operation Area,Lower Left,,,
Setup,Touch Operation,Touch Func. in <i name="camera"/>Shooting,Touch Focus,,,,
Setup,Touch Operation,Touch Func. in <i name="camera"/>Shooting,Touch Tracking,,,,
Setup,Touch Operation,Touch Func. in <i name="camera"/>Shooting,Touch Shutter,,,,
Setup,Touch Operation,Touch Func. in <i name="camera"/>Shooting,Off,,,,
Setup,Finder/Monitor,Select Finder/Monitor,Auto,,,,
Setup,Finder/Monitor,Select Finder/Monitor,VF(Manual),,,,
Setup,Finder/Monitor,Select Finder/Monitor,Monitor(Manual),,,,
Setup,Finder/Monitor,Monitor Brightness,Auto,,,,
Setup,Finder/Monitor,Monitor Brightness,Manual,-2-+2,,,
Setup,Finder/Monitor,Viewfinder Bright.,Auto,,,,
Setup,Finder/Monitor,Viewfinder Bright.,Manual,-2-+2,,,
Setup,Finder/Monitor,Finder Color Temp.,-2-+2,,,,
Setup,Finder/Monitor,Display Quality,High,,,,
Setup,Finder/Monitor,Display Quality,Standard,,,,
Setup,Finder/Monitor,Finder Frame Rate,Standard,,,,
Setup,Finder/Monitor,Finder Frame Rate,High,,,,
Setup,Display Option,TC/UB Disp. Setting,Counter,,,,
Setup,Display Option,TC/UB Disp. Setting,TC,,,,
Setup,Display Option,TC/UB Disp. Setting,U-Bit,,,,
Setup,Display Option,Gamma Display Assist,On,,,,
Setup,Display Option,Gamma Display Assist,Off,,,,
Setup,Display Option,Gamma Disp. Assist Typ.,Auto,,,,
Setup,Display Option,Gamma Disp. Assist Typ.,S-Log2->709(800%),,,,
Setup,Display Option,Gamma Disp. Assist Typ.,S-Log3->709(800%),,,,
Setup,Display Option,Gamma Disp. Assist Typ.,HLG(BT.2020),,,,
Setup,Display Option,Gamma Disp. Assist Typ.,HLG(709),,,,
Setup,Display Option,Remain Shoot Display,Always Display,,,,
Setup,Display Option,Remain Shoot Display,Shoot-Only Display,,,,
Setup,Display Option,Remain Shoot Display,Not Displayed,,,,
Setup,Display Option,Auto Review,10 Sec,,,,
Setup,Display Option,Auto Review,5 Sec,,,,
Setup,Display Option,Auto Review,2 Sec,,,,
Setup,Display Option,Auto Review,Off,,,,
Setup,Power Setting Option,Auto Monitor OFF,Does not turn OFF,,,,
Setup,Power Setting Option,Auto Monitor OFF,2 Sec,,,,
Setup,Power Setting Option,Auto Monitor OFF,5 Sec,,,,
Setup,Power Setting Option,Auto Monitor OFF,10 Sec,,,,
Setup,Power Setting Option,Auto Monitor OFF,1 Min,,,,
Setup,Power Setting Option,Power Save Start Time,Off,,,,
Setup,Power Setting Option,Power Save Start Time,30 Min,,,,
Setup,Power Setting Option,Power Save Start Time,5 Min,,,,
Setup,Power Setting Option,Power Save Start Time,2 Min,,,,
Setup,Power Setting Option,Power Save Start Time,1 Min,,,,
Setup,Power Setting Option,Power Save Start Time,10 Sec,,,,
Setup,Power Setting Option,Power Save by Monitor,Both Linked,,,,
Setup,Power Setting Option,Power Save by Monitor,Open: Return,,,,
Setup,Power Setting Option,Power Save by Monitor,Close: Power Save,,,,
Setup,Power Setting Option,Power Save by Monitor,Does Not Link,,,,
Setup,Power Setting Option,Auto Power OFF Temp.,Standard,,,,
Setup,Power Setting Option,Auto Power OFF Temp.,High,,,,
Setup,Sound Option,Volume Settings,0-15,,,,
Setup,Sound Option,4ch Audio Monitoring,CH1/CH2,,,,
Setup,Sound Option,4ch Audio Monitoring,CH3/CH4,,,,
Setup,Sound Option,4ch Audio Monitoring,CH1+3/CH2+4,,,,
Setup,Sound Option,4ch Audio Monitoring,CH1/CH1,,,,
Setup,Sound Option,4ch Audio Monitoring,CH2/CH2,,,,
Setup,Sound Option,Audio Signals,On,,,,
Setup,Sound Option,Audio Signals,Off,,,,
Setup,USB,USB Connection Mode,Sel. When Connect,,,,
Setup,USB,USB Connection Mode,USB Streaming,,,,
Setup,USB,USB Connection Mode,MassStorage(MSC),,,,
Setup,USB,USB Connection Mode,MTP,,,,
Setup,USB,USB Connection Mode,PC Remote,,,,
Setup,USB,USB LUN Setting,Multi,,,,
Setup,USB,USB LUN Setting,Single,,,,
Setup,USB,USB Power Supply,On,,,,
Setup,USB,USB Power Supply,Off,,,,
Setup,External Output,HDMI Resolution,Auto,,,,
Setup,External Output,HDMI Resolution,2160p,,,,
Setup,External Output,HDMI Resolution,1080p,,,,
Setup,External Output,HDMI Resolution,1080i,,,,
Setup,External Output,HDMI Output Settings,Rec. Media dur HDMI Output,Off(HDMI Only),,,
Setup,External Output,HDMI Output Settings,Rec. Media dur HDMI Output,On,,,
Setup,External Output,HDMI Output Settings,Output Resolution,Auto,,,
Setup,External Output,HDMI Output Settings,Output Resolution,2160p,,,
Setup,External Output,HDMI Output Settings,Output Resolution,1080p,,,
Setup,External Output,HDMI Output Settings,Output Resolution,1080i,,,
Setup,External Output,HDMI Output Settings,4K Output Set (HDMI Only),60p 10bit,,,
Setup,External Output,HDMI Output Settings,4K Output Set (HDMI Only),30p 10bit,,,
Setup,External Output,HDMI Output Settings,4K Output Set (HDMI Only),24p 10bit,,,
Setup,External Output,HDMI Output Settings,Time Code Output,On,,,
Setup,External Output,HDMI Output Settings,Time Code Output,Off,,,
Setup,External Output,HDMI Output Settings,REC Control,On,,,
Setup,External Output,HDMI Output Settings,REC Control,Off,,,
Setup,External Output,HDMI Output Settings,4ch Audio Output,CH1/CH2,,,
Setup,External Output,HDMI Output Settings,4ch Audio Output,CH3/CH4,,,
Setup,External Output,HDMI Info. Display,On,,,,
Setup,External Output,HDMI Info. Display,Off,,,,
Setup,External Output,CTRL FOR HDMI,On,,,,
Setup,External Output,CTRL FOR HDMI,Off,,,,
Setup,Setup Option,Video Light Mode,Auto,,,,
Setup,Setup Option,Video Light Mode,REC Link&STBY,,,,
Setup,Setup Option,Video Light Mode,REC Link,,,,
Setup,Setup Option,Video Light Mode,Power Link,,,,
Setup,Setup Option,Anti-dust Function,Shutter When Pwr OFF,On,,,
Setup,Setup Option,Anti-dust Function,Shutter When Pwr OFF,Off,,,
Setup,Setup Option,Anti-dust Function,Sensor Cleaning,,,,
Setup,Setup Option,Auto Pixel Mapping,Execute,,,,
Setup,Setup Option,Pixel Mapping,On,,,,
Setup,Setup Option,Pixel Mapping,Off,,,,
Setup,Setup Option,Version,,,,,
Setup,Setup Option,Display Serial Number,,,,,
camera_menu_config
display_name,Sony A7IV
css_file,sonyA7iv
icon:camera,iVBORw0KGgoAAAANSUhEUgAAAB0AAAAXCAYAAAD3CERpAAAACXBIWXMAAAsTAAALEwEAmpwYAAAGPGlUWHRYTUw6Y29tLmFkb2JlLnhtcAAAAAAAPD94cGFja2V0IGJlZ2luPSLvu78iIGlkPSJXNU0wTXBDZWhpSHpyZVN6TlRjemtjOWQiPz4gPHg6eG1wbWV0YSB4bWxuczp4PSJhZG9iZTpuczptZXRhLyIgeDp4bXB0az0iQWRvYmUgWE1QIENvcmUgOS4xLWMwMDIgNzkuYTZhNjM5NjhhLCAyMDI0LzAzLzA2LTExOjUyOjA1ICAgICAgICAiPiA8cmRmOlJERiB4bWxuczpyZGY9Imh0dHA6Ly93d3cudzMub3JnLzE5OTkvMDIvMjItcmRmLXN5bnRheC1ucyMiPiA8cmRmOkRlc2NyaXB0aW9uIHJkZjphYm91dD0iIiB4bWxuczp4bXA9Imh0dHA6Ly9ucy5hZG9iZS5jb20veGFwLzEuMC8iIHhtbG5zOmRjPSJodHRwOi8vcHVybC5vcmcvZGMvZWxlbWVudHMvMS4xLyIgeG1sbnM6cGhvdG9zaG9wPSJodHRwOi8vbnMuYWRvYmUuY29tL3Bob3Rvc2hvcC8xLjAvIiB4bWxuczp4bXBNTT0iaHR0cDovL25zLmFkb2JlLmNvbS94YXAvMS4wL21tLyIgeG1sbnM6c3RFdnQ9Imh0dHA6Ly9ucy5hZG9iZS5jb20veGFwLzEuMC9zVHlwZS9SZXNvdXJjZUV2ZW50IyIgeG1wOkNyZWF0b3JUb29sPSJBZG9iZSBQaG90b3Nob3AgMjUuMTIgKE1hY2ludG9zaCkiIHhtcDpDcmVhdGVEYXRlPSIyMDI1LTAyLTI1VDEyOjA3OjI3KzAyOjAwIiB4bXA6TW9kaWZ5RGF0ZT0iMjAyNS0wMi0yNlQwOTowNjo0MiswMjowMCIgeG1wOk1ldGFkYXRhRGF0ZT0iMjAyNS0wMi0yNlQwOTowNjo0MiswMjowMCIgZGM6Zm9ybWF0PSJpbWFnZS9wbmciIHBob3Rvc2hvcDpDb2xvck1vZGU9IjMiIHhtcE1NOkluc3RhbmNlSUQ9InhtcC5paWQ6N2Y3ZjE5N2YtYTQyZS00OWQzLThlMmQtMjRjZjIyMTgxNTExIiB4bXBNTTpEb2N1bWVudElEPSJhZG9iZTpkb2NpZDpwaG90b3Nob3A6YzAzMGVmZWMtYzZiOC1hODRlLThjM2QtYmVmNDMzNDkxYjVlIiB4bXBNTTpPcmlnaW5hbERvY3VtZW50SUQ9InhtcC5kaWQ6N2Y2YWQ1NzktZDE5Yi00OGY5LTg4YjctNDllOWJhYTc5NzkwIj4gPHhtcE1NOkhpc3Rvcnk+IDxyZGY6U2VxPiA8cmRmOmxpIHN0RXZ0OmFjdGlvbj0iY3JlYXRlZCIgc3RFdnQ6aW5zdGFuY2VJRD0ieG1wLmlpZDo3ZjZhZDU3OS1kMTliLTQ4ZjktODhiNy00OWU5YmFhNzk3OTAiIHN0RXZ0OndoZW49IjIwMjUtMDItMjVUMTI6MDc6MjcrMDI6MDAiIHN0RXZ0OnNvZnR3YXJlQWdlbnQ9IkFkb2JlIFBob3Rvc2hvcCAyNS4xMiAoTWFjaW50b3NoKSIvPiA8cmRmOmxpIHN0RXZ0OmFjdGlvbj0iY29udmVydGVkIiBzdEV2dDpwYXJhbWV0ZXJzPSJmcm9tIGFwcGxpY2F0aW9uL3ZuZC5hZG9iZS5waG90b3Nob3AgdG8gaW1hZ2UvcG5nIi8+IDxyZGY6bGkgc3RFdnQ6YWN0aW9uPSJzYXZlZCIgc3RFdnQ6aW5zdGFuY2VJRD0ieG1wLmlpZDo3ZjdmMTk3Zi1hNDJlLTQ5ZDMtOGUyZC0yNGNmMjIxODE1MTEiIHN0RXZ0OndoZW49IjIwMjUtMDItMjZUMDk6MDY6NDIrMDI6MDAiIHN0RXZ0OnNvZnR3YXJlQWdlbnQ9IkFkb2JlIFBob3Rvc2hvcCAyNS4xMiAoTWFjaW50b3NoKSIgc3RFdnQ6Y2hhbmdlZD0iLyIvPiA8L3JkZjpTZXE+IDwveG1wTU06SGlzdG9yeT4gPC9yZGY6RGVzY3JpcHRpb24+IDwvcmRmOlJERj4gPC94OnhtcG1ldGE+IDw/eHBhY2tldCBlbmQ9InIiPz6694MmAAACqUlEQVRIia2WvWtUURDFf/dtsvlCBEU0hYIRJIWdsbBRsFaCYCMoWggq2lj4j9haiYVoCgsRNFUsLbWwsdG0IpKv3cTd947Fndkdn6t5AQce9+29754zc+7M3E2SaGiTwDxwANgABFS2VgIfmgIhqemzLOmHpK6kjqSepJ+StiVtSLrRFKsp4SUj6EjaUbZSUt/GrqTvkg7/L9IpSZuSKv3bupIeNyEtdlF/HLgFjAHJ5qpwln1g255x4BpwZrcjTZZIi8BDSw4BBbAGLACHDHTK9pRAz5xo2yibr4AOsAps2vy4ff8eeAR8TZIWgBUj8miSRdcKjni29mxMATSSuwN1K8yR4wVw2cDbBuBk6yZfFZ5XwEXgJHCUXEJ3DawP7ARH3FqGWQITwBySHoQsrEJW+ntP0pak65LSX5JjUtJLK59S0rrtq+N0Jc0XFrZLGqVMtlYAd4CnNj/KtoErwOcQnR+Xq+SYKmpARRg3yef3Alj6C1m0Erhge6ZrQUT8ViyZGKGAGQN4YpE0sW/Aa6AbsNwGSVnUFlN479jal4aEbksMExCGR+QSV657JHY5Jmzc2iPpGjlbqzDnmCUWaapt8mhb9vvIHklPMUykiDkgH9UGo1eJ3K2aWgLuB9xYDQO+erlEr0pykd8DTjQkXQRmGUYan4GNksCtTU6I/cAz4OAuhOeA5+aoBxG7mXMkz9560dfP9TS58M+S/0FE2wfcBN6R1SnJyZT4vRr8ImGMP3WPWefR9oxshVxCy8An4DxZ0tK+m7BxhmFFVEY2uAictBcWPVIv5op8rfVtbg64XYskRtSuKRG7XB9oJ0nHgI/ks4g918fK1srgZBmUiTXeMmC3+nX3Brjql/gsuWG7vA7kIDPkDjUdVBll0+QrMTZ8x1wF3gLdX9+0RtkZdOa+AAAAAElFTkSuQmCC
icon:star,iVBORw0KGgoAAAANSUhEUgAAAKYAAACfCAYAAABz/aISAAAACXBIWXMAAC4jAAAuIwF4pT92AAAGPGlUWHRYTUw6Y29tLmFkb2JlLnhtcAAAAAAAPD94cGFja2V0IGJlZ2luPSLvu78iIGlkPSJXNU0wTXBDZWhpSHpyZVN6TlRjemtjOWQiPz4gPHg6eG1wbWV0YSB4bWxuczp4PSJhZG9iZTpuczptZXRhLyIgeDp4bXB0az0iQWRvYmUgWE1QIENvcmUgOS4xLWMwMDIgNzkuYTZhNjM5NjhhLCAyMDI0LzAzLzA2LTExOjUyOjA1ICAgICAgICAiPiA8cmRmOlJERiB4bWxuczpyZGY9Imh0dHA6Ly93d3cudzMub3JnLzE5OTkvMDIvMjItcmRmLXN5bnRheC1ucyMiPiA8cmRmOkRlc2NyaXB0aW9uIHJkZjphYm91dD0iIiB4bWxuczp4bXA9Imh0dHA6Ly9ucy5hZG9iZS5jb20veGFwLzEuMC8iIHhtbG5zOmRjPSJodHRwOi8vcHVybC5vcmcvZGMvZWxlbWVudHMvMS4xLyIgeG1sbnM6cGhvdG9zaG9wPSJodHRwOi8vbnMuYWRvYmUuY29tL3Bob3Rvc2hvcC8xLjAvIiB4bWxuczp4bXBNTT0iaHR0cDovL25zLmFkb2JlLmNvbS94YXAvMS4wL21tLyIgeG1sbnM6c3RFdnQ9Imh0dHA6Ly9ucy5hZG9iZS5jb20veGFwLzEuMC9zVHlwZS9SZXNvdXJjZUV2ZW50IyIgeG1wOkNyZWF0b3JUb29sPSJBZG9iZSBQaG90b3Nob3AgMjUuMTIgKE1hY2ludG9zaCkiIHhtcDpDcmVhdGVEYXRlPSIyMDI1LTAyLTI1VDEyOjA3OjI3KzAyOjAwIiB4bXA6TW9kaWZ5RGF0ZT0iMjAyNS0wMi0yNlQwOTozMDowMyswMjowMCIgeG1wOk1ldGFkYXRhRGF0ZT0iMjAyNS0wMi0yNlQwOTozMDowMyswMjowMCIgZGM6Zm9ybWF0PSJpbWFnZS9wbmciIHBob3Rvc2hvcDpDb2xvck1vZGU9IjMiIHhtcE1NOkluc3RhbmNlSUQ9InhtcC5paWQ6MjUwZGRlMzktNGYyMy00YjRlLWE0MjMtOWQ2NDMwYzVkODk3IiB4bXBNTTpEb2N1bWVudElEPSJhZG9iZTpkb2NpZDpwaG90b3Nob3A6NWQzYzRlMjctYWFlOC0xZjQwLTg0NWEtMzY3YjcxZmU0MDliIiB4bXBNTTpPcmlnaW5hbERvY3VtZW50SUQ9InhtcC5kaWQ6NGE2NWU2MjEtMjVjOC00YzZmLTkzNDctYWNhZmYyNjVlYTdlIj4gPHhtcE1NOkhpc3Rvcnk+IDxyZGY6U2VxPiA8cmRmOmxpIHN0RXZ0OmFjdGlvbj0iY3JlYXRlZCIgc3RFdnQ6aW5zdGFuY2VJRD0ieG1wLmlpZDo0YTY1ZTYyMS0yNWM4LTRjNmYtOTM0Ny1hY2FmZjI2NWVhN2UiIHN0RXZ0OndoZW49IjIwMjUtMDItMjVUMTI6MDc6MjcrMDI6MDAiIHN0RXZ0OnNvZnR3YXJlQWdlbnQ9IkFkb2JlIFBob3Rvc2hvcCAyNS4xMiAoTWFjaW50b3NoKSIvPiA8cmRmOmxpIHN0RXZ0OmFjdGlvbj0iY29udmVydGVkIiBzdEV2dDpwYXJhbWV0ZXJzPSJmcm9tIGFwcGxpY2F0aW9uL3ZuZC5hZG9iZS5waG90b3Nob3AgdG8gaW1hZ2UvcG5nIi8+IDxyZGY6bGkgc3RFdnQ6YWN0aW9uPSJzYXZlZCIgc3RFdnQ6aW5zdGFuY2VJRD0ieG1wLmlpZDoyNTBkZGUzOS00ZjIzLTRiNGUtYTQyMy05ZDY0MzBjNWQ4OTciIHN0RXZ0OndoZW49IjIwMjUtMDItMjZUMDk6MzA6MDMrMDI6MDAiIHN0RXZ0OnNvZnR3YXJlQWdlbnQ9IkFkb2JlIFBob3Rvc2hvcCAyNS4xMiAoTWFjaW50b3NoKSIgc3RFdnQ6Y2hhbmdlZD0iLyIvPiA8L3JkZjpTZXE+IDwveG1wTU06SGlzdG9yeT4gPC9yZGY6RGVzY3JpcHRpb24+IDwvcmRmOlJERj4gPC94OnhtcG1ldGE+IDw/eHBhY2tldCBlbmQ9InIiPz7alw0ZAAA3AElEQVR4nN19/YtcR5bl6a5EBTIlJKhGogU2bdowyxgadmD/+v19YYYdmGGGNniwaYGMhAskVFhQIgvvD5Gn4ryT5973siTPtn0hyZfx4jtu3O+I/N3PP/98BmCHAfvD8x4T9Hd6h5W09HvfpCvs5NnL7FD3N5VJdXSQ+pnaTPVvmaNqrKmdtblK+besYTeOKu/W+U79X6t7UenOfm+ZGO+Qlq0mLC1GNZDUcW/f69hbnjRhFUJ0i6PP/L4BcAbg9vDB4Tfz3Mp71qtjqJBIv31+1/rra+X1+vp4WR/r2uaDpXmZ6n1HBO/g9ylxrRCWg/RJ9TzeOX/ndVRIWE1GqrtbdIc0+amffK9Id4aJkHx3K2nnyOOp5nZn31sokI+hm7cOATui4fXt7bNGeHxTdtQcwEDMlBnF70RhU8e7idO6qnJexxryeJmq/iqdZXyy9xjIRXCkZJp+p3q9nwmRKuTqKPdaPn9O/ePzlnn0jVPN5Q7b1sPhDsd+JzJmkiWAPLCOmqbGt9S9BZk/ph+prYrKp/xbqJKnn2Ow/fvUvWXcVZ1aHit50npU/ajmUd9Xfa7GkNIXrLzqQNolLjP4jvP6vPOVzAFsWxjvh6ZVVH0N8bV/BKWC2p9bLOVLz0O4sfREtasFVS5WjcEhUaoq31rbaH5vrXNLvsiBf/fzzz8rq9qyeyrERVEuseTqvfahk6Ucujo6WKM8iaJ42oPDt7L0ah7X+reVgm2lokAez1rZDtY2l7dZlU/Pd2W7jnQkXKFaOK1jrbNr73V3dZsE4d1av3wMVfsuS95isOoPWGrgmtfrUCA1VXOd9l1/r71T6pqQcw3hTpnHrh2HNcqtdSzWtdLKvbJOvti6M7dQNRcJKkSqoGMniYokhE/93WGpfQMDKamVn2NQTkUyfid2z3cq3+tH8zoyeP8cAX18DlvEAULCgVTe+12l+5ru7PkO0bcMSCen2wHa6Fpe2LsO8beyGK2vWjTaH1O9t1hOllO+HY6RjIhFpLzBpIQ3ks/tmpqeZKyKwjuF6TZixdr1nbcLHM/zGtWtcGdNTPLxLPqmMmYlw3TyVVWuk0O2UNZOVkqUcEt9DqSCt1jWrWlEJM6RUs2Hh/RzABeHvDcA3gF4j8HiUx+BGsFT3rSwHfdJyLq2qdfWq+pD6k+FR10ZH8uiwQppKraYKjxVVuqoYYfI1WZJFMZBDeOKaErh3Gh+g4GIZNtExieH54eY1PIhgDcArjEQ1BcqyZ/a7hp18WcFL7cVibyd1GaCtc1U1b3KeZ1ibqFomr7WwFqnK3mlS99Cibu+KxVU9npj6UwjFb04vHuCgXyXhw+R9P3hc4WBmFdYIuettOHIqX05hbpVHKqjdmuIuZWrdeX13RonTfXsUgOatka+t7KdtZ2n7zuk82/Yb8+bJlmptb5zKqnpFwCeYyDkEwDPADwG8OXh/SMMFn4N4AWAlzaW9zh2V2r9FWfRcQAZETyPQieWVb8rolEhdEpPa7+F+97l28JGO0RMnVMEW9v9CbS9NfkqTXCFnGnh3K+tSsoNJjV8fvhcYiDml4fn5xgI+hADKa+wFBN8k1ewxi5V3PL83aI7VPNViWBpU2zhch239PREeMrdWbEBz5ueq05X9Tikie7aRshbTR6Rb4djtnpreQmPDp9LAF8A+BzAn+Q3ZU8AeH341jRFymtkzZw2Udfcqel7n1CMMeVj3rReiTul351I53V2xCtSx/B+V2F5tciVDOOd6yhY6mQFCam3ImFCal90T9/bb1I+Kjp/xEDMzzHY+UNr9ymWG8CR8D0Gciok1k5ZM411jUCkBQds4UMeX8+KOCU2XRGeSrxIsKg3dSINJO22LXKep1cdSqw6TaSX6cqndxWSpnFoHio9zzCo5ZdFWWCwd7ZJjf0Ww3z05vCtFgBn9z7+NUpVwdrm9Y3bEZtuQyRxwPuYEBjIa7wHcoVpgdPCV8hXUVF/rnbXGut3ypmoQ6KYlVhAcCWEQLnzCQZF/ENRXuExBlWlR4ga+5vDt5umVLxIi9Vxi4oKduugkDbuFspZ4Q1Q44gip8NinTqWegpVUqjyeYfThKcJSvVWbXveajITtbwJ6Q8w7ZYPD5+Lok2FcwyqSnZPFv4ytOFixNpG7tinr0uHLNXcOXRrs8aq13Ch2ly7RF7TIPR5jYr570TFTpELO0paUdY1BE7uQaarl+cRptb9AMug4S3wEINyvsBQllQpqvoGHMvCae4SCwby+qTyidWm+rStjpAlYlURsI5bApjmoq5TXjAhRGoElq/rdII1NlTJjh3FObN0RRIqLFRoaLPk5xzHys4WYD3n8nE5088NKXRIV3GktGG3EBZntRUFrgiR96MSoyqkvyvvCNkhpXdoTUbcOjnVe68r9cehKq+T6Iuv7dP/fYZps7zEYN+PcD/E1Cj2B4d61ATEDaH9J7jcu1W02SJCpXI+31V9a2y84pwd91uMU8PeKhLdUc+Oqq3JMo5s3vG0IHt7XyHsPpRJ7XuwBjAp4w5TrnyGbbJlBVSC+K190JA59Q6dSZ5deF5DjjV2rB8U7zoE9bXwfN7ntKaJOu/SIKrBxsJW1tl2EhO8U1WeaucpVJQzLVxCzgphCaSe9I3z932BSEiE32GG4fnmUI/UGgGo5je1X/3u1r0TH9K6pzLAEsdSPxZt/B5LREok2wfcyQdVpx1hU9kEHQtPu7qanDS2BHsMhKD2fYnJwj0a6RQgYqurUhWtJGOSejoVI3SIxt/dnKU6E1Tr34kR3k9FXu9XJEaJlHqj3W5lWteZLl+1s9NO9HdVHWssXPsCHB+VoDZOpecCU8a8L8VUtkwkBZYKkPZFyxC6tdJ31Tz7mqTnLVwopSdq2Il8Xt8Rcv4+FGKGSGKLjnsnNa2Ti1JePndype/2NTZFSrXHNGJ343iA6Ya8xDSu3xcYDEJxwP3zZzg2R1WeqTXkAfpNmdhsVa6TD4HlOlRcM9W7ln+XBpl2TiX7eZnEStdkzaqNVH/FLtJAtR5fZL3iRet4gIE8DNx4jBlZ9DHypRrn+cwNoz51phF8o1Zz2XEehDxrnMuRscKHLq3CowpHmLYH5k0cVYYtstlRpSud2VKP/oale35/v7ePv6d8V8FDDOr4OYCvDt+XTf4tQE2fFPgxlqIBw+yqc+wI6frbuY2/q36vpXs/Tlk/FL81rRQfqk56hRWr7ChptYv1fZJN0wR0Oy9NXCenAjlgF5gs9w+YUUTPQ75TgeLDBQbS8zf95imoA+hZbloDH7fWWXGYCkmcslUiQOpHR8mrdVn0Ke2UNIA0+FRhYrfVZPnAUqe7vlR1du2mUDTYOyLQc4x4y08BN4c+0CbKPrw5fBT2mIoYv6v58HJAZv+axxG4QqSunENCylRvYuPe3h449vxUneqgo05bkTGlw/JUVDu1k9iaQqKWNN/o+Z77mocc1FD/CFO2fIl5eI1Aaq7yZjU+gs7/mjjl+R3h0tpUnKciDFXZDpcW+VOhikL6QFjZFpmC6RXpXiu/Zfd739PvtUNfegrySTGO+8AlZugbFa/rQxuvMSOQCEopt8yTz0/Hcbx8h7Sw5y2s3OvoqHCVVu6WVOla59Z2l3c4dW6Nunpbjpx6ocEOS+8J2ae6BN0Vqe7BT0UtWfdXh/5dYSDhJaa99B2mApQ2js/tGmv0NShlORwjMJCRzNOrda5Eu24sRwQyIWUaUMJubaiiWFpfJ1ek35VYkEQO1um3+DJN2WIlZ6rbkZ+t8B1GxNCavfMcQ3a9waCUjzHtlxdYbqCd/a4CmQlrYlTH/lOZNe6WEDzV7QiY8hyNaxdeOrZ38uaueZ92Wsce0iA75IwDOoC79naoz3SrT/wxlp6ZLfAdgH/BoIIXAP6CQR07+Ezaod2U7JtmI47tHHneOlkOIb+mEbbKfClvl55wKfXV+333XQmkadd01DA9V/V4Xi+/RnW93o5aa3llkRqV7i5IdUWuwRWAfwXwbxiIybI8VlHBJaZZ6tGhHqXSlDfTfUpbQOek2sSJizmCeJq3URGmjtMmRDyqoxp0oqKJPKdBOGxBHp+YrlxHoSvQUDK/pY0emacYCPMU2xWfFxgs+QWmcsO7izrE1Bvi6A16jyn/0s6p9la/gIvgc3oKiwZqhKvq0vq2tFWJeu3arcmYnsc7nzqUqGZCXN/Vnl5NdpJ3CG447yLDFTkZQXQKtQQGpXsF4MfD70vUCOSgrPwJhoz6AUvZUmVmvfvdXZmE1G61vtXapXVL0FHBlLdj+UdpDOKokLLr4BpCe14n297umlyS6oPlTXY/fnMh3fVH/zjjLv0i1Q60vc9wmjavPnn65S+k/cqsdYslUu6xHI+2X3GqiuWmOU0ExOtK3BOWpxLdHHbAvIPdKZEX8g4nKlfJgN4Z73DVVpKTfJdWMinfEwk9CJfXBO4w5UuN/tkCdCXq5QSs+31TjkBNnO3usJQzeY1hovr0JEHe7S2/r1HHzhOscaeUv5Ibtb7EQY+QvmLlXgiW5pUl1qDPyn5S9Izmq8DfJ9OQ9lPzJ/PQHlPGu8RQRJ5gIOqDkN9BD5RxLljuDdbD5PTOJJ9z9Z8zJI4yJzcDr49Z20h6J5O2Xc0lQam2r5P2P0En73fUe6+ZEvZ6oY7Ep0FXZ6f9mflTeqqrCr5I+Z3FeXtcUA1HIzt/1LRB2GMgJynkHsBbDI9OtzAKRDYCES8FEBNRNJ6zQ0oXA1RmdSrscqw+p/uUvI60Rmsyrb7zfDv9Ayov0E2uVsjJSeR7C+ggK4Q+k2+XsVJ+7YtvGmWZDyWvKiNbgBSTn1MQUoEnJ/XMeSfTA8vA4oQYFSdhWX5XCKqQkNLfayC2H5FeU6SBY6S9OyWZZDWX7SpB1XeHN0RwSrdFSfAJqyKDUjk9U5PaU3bPhebFBmvwGkMb572XdCWuiSMKeokCv/X4sCOpR7crRUyI5e+0nOddQ8gEXu+WkwGJhUeLj1dUyZNekVNWLZeuWunqc1B2vUaBkja6k3eVRnuGwbb1Chj9VMjFG4NfYSDnFfKlrLynqLOHUht/giHf6qVbb7BEPsqTflFConpprJqWZH0vl8oAS7nXTVpMS/I+oTMR7TzRFaCkNaWK2Gnt/Nou3Ar3Kdv1xevkgu+w1IzPULPyW8z4ydcYIWuvMAzqwFKbfnvI093ecYZpIiL11Hve1ftD6A6vVXNWzUM3x93cVe2qQpaQvlKUNe2OM3vmTiN3NsWdnMj32s5cU2Iq5AKWbKsS1oHlDRgOVHBoUL+UT0Xl3mGJlK8B/IB5gxvjKq8wkf0BBjW8KOrUiKbPpBzzOwJ0Y3JlZW3eK8XG8yY5NFFnr0PzJc6cbJ93af6iY+XA8REA90KcImN1O1b7kyZhC1KrnEazCtukJv4Y83wPr6+u4D0mUvLzI5Z/CnAL4G9Ynni8RY2YzzCDhSlffoZpFdD4TQL/IUOVO0cibVsRZc20lBBXQdvSf4Sr7Mx760ti9ZGSui0ygav7ipB6dTTfu5Duu5B1ktqq3OKDUluagtvhWLfWRRbKNjiZesE/P7xfvYNrDIr4EsM3rn+ZQgS6Pbwjku0P6fxjAQf28wlmEMgNgJ8O7+k//4ClUqb/NMLfbipLa1ZRzC0b3dvleD5g2oQV6MBgHYRktzyioJWg2hnblUJy1/jNZZ2GpnW9l2dXVnaY3g/vV7Wrb0Ka72bVwPXk4hpQoSG1pLypdsdbLBfs+pBGipzgDxgy6RsMyspjFqyXCo/L9WrcT/K1/gHWfawazp5vkT1aiYtyLSvFrII7fHOsrSAhcDXIJLQnuI+5YuvE3mIgBakyd7hfwpruq6xA/8OHF7EqteRGeydlqOB0LsrHGOIE/47lysZBBOU41hST/5/QKWAub3Z4d/RfknyuzDSV4P33CpwoUhX9reLAmuxFanmFaSZieBupNOft+pD24JD3Gab8mTbB+SEPFSuCizgdMfg1gJqUCNHrA8zoIuCYbSuQlSTZjkCZ8yx80JT77wCOiSz8AvPMzZagDZqFSC3fYbBKVfiUOutG/wlTPq2A/XmMZbAyxYK/V4Ts8CHl5XxVnq279I46ElQ+UfbHBSGL1L+3qzqm9fHZ010eVG3O5SyvO9lf+a8RtBc+x6BQvNBgi3x5hWEaIitXd6Rf96Jj+0nyriHXl5aHc02RQcGPiSiCVCa2rv3ufaqX607F8kb6qFxVPWPuSSQkZah0M6qJQjU3HrbibubvzySvausuR/idQVs1wy2gd6ergqDBGhwDKdQXWEdMVXY4+R4cQVC7LqkDtdWfsA5fYdpX/xFjM3Dhz+2b2rATgzXETLLdKT5+jolrzACWK8yYAcrer3DMKc4O75StH5mMkk1Jd6PaoDhhX2L8180zjIl8innjLneRItt7HCOjAxfPKXhl/D1lMarF27IRbrH8s1JgiRSazzXQfXi3BZ6iDpnTDeeIxjG5fdnnPpmStjxDyhIxbzAsCq8wN+9bDFHnJea6qiuVeOXzszDmK7/fIys3alq5wETOvxw+ncsNzfsK7kM5O/EhvdvaBllUumNoDZSCA0vzzX3hvnP6S8E55kb6CtMj9iMGXl0dPuRWSqSUMx9tbN8VTqF8B+oBqqf4+5mgXwo4YS4jKhvaWzq/NVqIm/u3DLwChxv4AjOcj5s0zaM+31F2/XOAChRBgdNZ068Z3mBpFlJvBkHFBBV/XHTYctzi1w4aaQ8siZlabfiuslWfaTwmMzvwQvsHOKYIv2W4wmRNtE2quKMI6jIcqSwN8bSB/taRkzeNkDuo1QaoLTL67o6VA8vYOgWyrHMcU4rfMlwD+AbAf2Bq5ddYyomcdD4TKXmm/PrwfYXhPye1eIr+T1J/7UCxhThT4c0ZsvUHkIJ7ZGrJPCxISvlbRtQbAH/FuPrlxeHzCsujEyqwu5hDBD7HoJSv5B0v1brCvEL7twbnmDeNXGBy2sqlGsFdkdXNtgqkClvscr9G+B7zhg26HjWSCFgGnaQNfXMoR/MKxQCydvrFgd8mcgJLa4TaXIENeoqHGykwlIksy+XK36ICRHcjI4ccKWnu4AZOig6pKV2WwFSgGI1EBKeh/7cmr59hOF3URa16iiJmtG+7m+jW3rGCHZbmDrKsT+Gx+XsCnuWhwqL/L66KTzrPrRr5zvJTefpgeek9W7sd7tcEei6K3iByF1JOVXRStNSZU8rkuuLzDsc3kr3Cr3fHE1FeYXp4XmLIlt9jRKITSenzJah3S8HTSF25wYmYrnReYx7rOCUU7+8NrjHm7TuMudQwQbVm+C0jCmcAbkkx1V3kpJaBCip/MmCWz1/i0xmQVUEgpWEf9B9w6aNln7lpVDTRcbyXbz8PrmYdUk2aeNzjUwVLnNm3putmf4epEO0P7XyLGbDMm0B2WN4Fr8Zp5VS3yNHjrJ+/da5uMe8D/VQWgpeHcbw4fPOI81ssqSaQN7XCmdsvVcMkXB/SLzANxfSLvsKI0HmPT6dlXmNqwt9jasQXGHLLAyzthOnIrQ6ak8HJoXb9wb5dMdE7iLgxtsjVTjHVP03Ke334vMQMKuFdRrr59Jy5InfSCTSgQhGXnO4hlgrIU8w/1vrYdfsWw7z2DYY7kkdPXmPMp8asAsexBj6OM1d+UtgaEYFsj9r4Zxg77vWhI8+x7VDXGlBY5tGEt5jUWeUTP0bRWRE4Pl7potTnRvIBE+l18tYCQDwIgZCOmLBtKkLXWAax6KULREoP+asCNNIRD1JGDbR5gLFGn+Pj/gThGgMp/wrgvzBYOLkdFUf3eqX1OnJTpghiRVBOCiNJyHpUeH99GPDnmGYWxjneZyc+wQhHe3+oD1iyd6WUeywPnQHH8q7HcCYhXOHW3ikS+i5PxmFn9UqxYe/0yATHwHnX38m/rMREg01YF6PBgCm3ck2eYVLMU+EGgzJ+h7HWrzHkypcYYXqKI+QQ7JNaMZQ4+Aa7iy4iQio1ULZOVqdyG+Wgd5jGZAbTvgDwRwwE+wqn/wk9w74oK9FkRUqj54quJY/bYhXJFMGUGurOdbMPJA83o7vVHLwt7xP7SbmYC8RvN7GkOdf6VdvfS3maov6EsQ5/BvA1Bkc7dT0IbwD8H4yrvb/HVG74/QbHG8llWyDP24ILpZg7gno2XJGguURteu+xjMV7Lr//F05Xjp5ihNWdYR450AFUh/89VtGNu+luokTx3CrBuag0cgW+cxneDcvX8kzOpHkV4ZKyReRWZNUgbv4f5j8cvr9u+rwG1xh/gvAvAP4Z0xykYkmlEALHG4rvk7novJPLFGGTQZnISapESkYlQkPuP2Ds2C9C5zp4irG7/wFDlvkTpub3AcujC5TXgKWJhqALfiYfjpHj1veK4MpBkoLDfIRdSPPz4FoHkYz1ecCHyptqhWDQ7gXGUeCn8kyu9Sd8nILzGiNu4P9ixg8wKIXcNIGLhIq8O/l2n/l+FzIpKILyt5NpRYL3UkaVjTcY2tprDFZSRWgnYJAyxY5HGJP+DtOkRFskB+Z9A6bXJu1cHZeyHRcDHKF0Y1YBC5qm8q4j9xrS8x0vQWB9pI5UPvX7OQa3uY+dWdnzSwzW/T0mdWT7HedI1owkg2vaOQQxmSHtcq2smnylMJy868MzTwnyZCEwtcNTgIHJjzFkJxrEX2EioJp3tK8+MexrCixQjReSx0006ilL5psEHjCTkN4VIRU93OzkGvY/Ymz8/4mPc3pcYSo3rzB0B/XkENh/rqXbw/msaU7YdH6ZdqSVe2YHl+mS7VCp1JtDp98e0h9hTCLTTwU9fsso6Svph8ZAqvlE++iysvadyoOnuSzuc9Mhpc6r5kuKgFL9dF5G85AD0Px1hjG/tE3eFxgvQCVWr8ShGYh2Xp3LJKIlQqe4lvLfIWbK5JRhzWKfWKMLw2Tp9KzcR+bhpVMMkKDCxb8jucEyUCLZABX5mAb7rYiuYo6a07pvBV+IJMMSXObt2KTKmbR/UuG5L9B5QhmSVPJHzGtsOLc0H2p/011Wbop08Hw7rRD20ivskHFveZju/lDuuB8wkJKa+6lA4d49QBQbVClzqwLBgzAqywTfObvxcl62kzU7asG+cVwJeekNojnoCwwl5xk+zrFBWZ1R+wz7Y8wAgzM0OorAPuqcbt2skar6JCV+vyvSvWO62xML5cAuMViD/unTqcCLC7T/Dw6fJ5gR5DzTTPm2YiNODR0ZfFcDxYTieO4IW6wRad5I9SnG0HBOY/nnmLbK+1DLW4z5oXPklXxT86aVpTsaolzAZfj0DeSNvgPG3UVJdkoURCslRUqyj3/78VeV4d5gmjJORdBzTJcalSnV4F9hLCYn1TdMxSYr1lxtSi0Dy1MpkWdYGvk5n8k2S6QkQtJj8xXG3H15eL4PtSSx0Ds/rzDvaOJv+rvVhlxxUh9zUho9vxK/PQ6Imfh/JxMAS9KtHdZ3wFJWI7w81HuNKVj/A4YmeR/qeYHBxtguWd1DzEtRlTUC096ZJtHTE8I5pMlXZOX4VVPVtPdYBm6ockal5hITKb/E0MC/xv1jOcm6iZgMnHmLKV++wRSPXE5OnOUW9RymzZrm9kjGrDJ1wj2pp+ZPVIZ1vsEwQ1De5Dnkhzjtz0UdnmKaLV5hGTd6hhkhxX48QL6AoNOut1ouFkK85VE2l2yUavSnZu7/DPwMk8t8TMgaI/Ov5PktlkqPe3Q+YMrsCmqH7eYQ6HHpDnld40ysWxtLLkBdBE4sQ6xUAWF9DMhQCvcM88q++wrwl5hKkct2tAi4/MPxaBArkEUan8ikbSZk7ZQeZY0ug+4wFZxLDKcC5clnON2LpkDCQMVGj5KoOSj1u7IkrCEkYZOIVCFihc2+y3dYTs6Zfbv7CViy0T0m2z3DDDp+jvsZ4c8P5XnJlxr8uTk8BCvZExV00yaK2Qn0lTKklgI3XanRmh4dvS+K/u9TN/ANplKjYhSPJnPzppuSdc7IwpNLl+Nkms+LK5GVCNlSyorkumcEOF5UpaxOddjWLeYE0f74HUZIFeWpLzHkz1MNxk8xN9IZpqxGxCQrp13TTTNO5R25Oq0SqOeO4N4PSF+Vil5gIOJfMBWdS5y+YV9gHkfWaKAfMCklNzCfU7wB++sI2Sk3Wq5TsEsZM2FzqsArS+xNB6Oaptd1g7lzv8HUOi8wkfIKg0Kcagp5jiGfufWA1FOvx3NOoOypm2jCGrfxepmevD4MzKDpi6GDf8H9wtW+xQhT+09M+Z4uYtondWMml6P3kf10SBuxk80TYbyjmEDe1V6wWqTKLwosdz/lujPLz8kg1XyF6WqkkfcFBsX4HzgtAOQCY1HVtHGFec95EuQd0kQrdNxmrV4Xg6jwfIap6DzGlJ9PgfcYSPkfAP718P0CS/OdH7JT6Kgifzub7mRthUpeX2ToKqo6oxTmPOQDelYP1FHknLgPGFrijxgT/ByDqtJ+Ry11Daixsx/vpP+6kcjWFZSlA5kS+mKsuWxV7ta4VsrZjzCVHkabnyJP/gdm0AVZOEMF01GHCjxWQEUw1SV83jptG8XzETdOgnmqsNsJXnnF+giKEBxw0vaJoDxF+AUmglIJeI7hjvt6pc3LQ/6Xls7Tn0o5dIydGaSSkTpN2Rdb89LERaVHj/JukbGvAfxvAP+OsZnJcRi2RkeD++mTGNOJJjon6jBxURCW3ok4sHftS0e0CrsdeTuqAmRZTgenGp+eR77G2P08VEV33NeHMmtHBihzsl9sg5tD5SvvdydP8n2a+AoBnLoqBaKDgLKmI3CCG4wg3n8/fH+P5fWJuvG0TV1LlycVOoKkFHNNNNS6KoK2B6bn5y4hNJwQspKzOhLemWMY4vWgyafHaXWiGQZHF2WlsaYIcN6r46aPjoN0yqCXScpNAkUWNZ8xjU6IqixZtRrGyW2cImo7LO8Bz2mM+jutvyvC6f2aInlXf2UOSRVW77xy7rxEOV2rY57unLECfeHUWoFJEfS4aEU5H2LGg5K1qSnJI46osCVqqC7FStN0WRaWT1n7/tC+/vHqlkCXbzEo5Gvp0zn6PwJzOVMppbpu09onArYr0py9Vwh9tMl5cWtHiitZM4GynR2WHVZKpYjLRSFieN166k/94H6FMhGtEuyvMamDUk9tM7HiPbIMrFSW/XTKmWyATKdWrnOkmrlyggpoGNez8k5t1+TTxL5dKV4TWYB1wpIQWNvQOvYpYyrgaRW1XBN8fcDAcvE8IETTbsOHiPgW8xJ6jTZS4EI/wJTlaNNUeTPJlf4uueE6GU3lZqXQSckiMtFH/rioExhKDm9FYQQQEdTbSKDWCmX5aQ4Q0joxryNunZy59wpTBxIiVvIUy3S7KSGna3WVnMZJvMFALi6CnpLsbHMu7Gt6BaSw2jd11ekEkzW7aaiTxyo2C2QqnfIy32dYmr3Iztm+3utE8I2h/UlztYZgFctOUBE5AMf/vquVe1rKxwa6PC6jcUGU9bmBXvMx/RZTFtVF418q0/a5FVzscIRKvmCn8r6QiqSJIzBfeq+Kj0ZHdcSDVPUac148sFfFA7aTEJDI7OvohKbiKmn8W5Uify4F2gq0kiTspnzpOR1rqH4Dx/IckZR1UVm4xGB9lfLjPnwVCSrqVSkxDr6RUl3AkmN4mtZFROso51NMFv4OYx5oq9VyLrsrJWe/KU8nNpuUoCR/pnRN8zHqu4WI8PuQEZKxElj39kmNJaTsKLEqAwrOandY3utNefER5r+0VUBt1Fk/v11m1Oc19tQhLcFdkP7M/qkcvealoeuSGrwrXr6h/DltjkpmTGLcFsKSWH1LFEtS2vzuNLRuAElhSnW5iKATrBo5KeQzDO8PL/KqtNBrDGXhGsfarEbSJP81KaffXQTL684DpVrVYjpSXkn6JdZjAy4P5S4xL+SnYqfBM24G8r6zj0r5dS7ui4xVekVtFw8JgdYa7xA1Ie0u5PV+eHuVEsOPuvCeojeNsD56RCiTqsIALBcleYMqqqdprCMhsooQrJf18A8F9hgIpve/d6FuREree34hdREqUSS5XStX7JqI1hGzI+RDg9AVy/WKtcJT5Ukvm8oRSBX1tz5zUdlvmoAusR7QQYVA21Ykh6Qlt92ZfSO88766ktPJi0oMrjFMYK8xOMHaBREUZUgxuWHVceEb3U1kScxKhCv1u+J2FXVc4747RyBCQrLU+QoBt4LvKPcYJWAe5uMidMCQOrUG+KRTGXEFxsev7P4Dhryb5iDVVYkBKkboYu2x/PeLDlSMUS6Q2DLz6MG3RJCYpmJAtcbeb+eQCgk5F+3+3l5USFYpLY71vmtccUqKVIXcvhhUcvRs9ePD789QA48UMMIGWJ6xUW9Uop7sk5ZRbZkXh6mG76ciO+BtbSkvkWuLTVM9RUo1qz5QzNDNkNYLyEipZdLauzhYiYb+XTa0RbbU58S+K6rXKUv8JkVMygSwtPV9homsFVxheV6afnX1lXPhKxlMrwd0xD23dO+zIisVIhdRnFqfoQ/iTaB+ds6JH4+ozFhOaPw3+11ROkIS9yoZM+khR6y8YumJIqa8FXXtkDD9du0Qkk5EvMC0Wz7GpBQJGIvIqBv9Rwr61/eYV2crqHJFKq3Hafl+j6XvXbV8mqFUiVGxAliahFgX++4XWHUUmFr855jnds6w/MsY5nMEvbV0n39uHsh7QqVzVMirbL6SN49krQ67veG24gDVe2V73eSTlRMpGdl9WeTneSLexcMD/G8wFIufMBYQOLYXkh0+wrzNmGapLzAtABrIqxTzGvP6RbbPjfESSyrqSgktBjtMPzg/1ViBpSLIO6EeYHlDG/unoOKLmpMojycfukNFqCoFypHT69j7zlhjtSlPR0UrsaBiKRVichCcdEav86hvAmq2VxiIwWd6SqhUqIgATDsgEf8p5uVV/wjgn7D9/M015tlt/rHVNxgI/x7DrnqLJQUlkKK/xvYz9zzue4YZFP3hMJ5ry6vKXFqrJJo4JLzo8CMhY6SqLuxWSJYo4hoidppXN9ikRZJaklXx1GT31y3vMA3qP2IeWyVr1HqBsag7zMNfX2J5Q++pB+GAgcBfH8p+hXk0mUG9VMjIcvXkJlk+T5E+waCA3f2XzzHmj2PhmKv8FB2cVXciwxauqrBF9zhC0ERyU2MJq7t8ldZe1dPVTY1Y2RQRpqMgNKBrBBKw/D/tC3nmFTUUE4j4f8TH/3vYGaZn6hLzjDf/Qezy0N/vMDcOEYaU9UfMELiuP4zipyjzCDOII2n3anNlXysLgae7BYZpFTJW+ooj+kL58QbX0iqFyd8pCSe4ERv2e4cZpb7DUuGhvLdmUFftW/+dC5hISYWBdfJwG/8H5wvc/69HEjzEOCtP2ZSHuSj/PsLyT7IYnEFx5BEmJezGT0TnGf3kgVJEo+adzEJbdYY1TbzKV1aelJfEllNFjvGpbEJwoI6P5CTppVh6qZT6gytQJGQ7epEAkV0DPz4/fIigj1GzwI8B3u1JNqv+cfZX7aW3mMjqgSYdcI74XVHBHY6JgyPt3tLVxJSU4KS3JCXI4S7v77F9oFoYyIjoQq4ibCdfVO+IVGr8pulmC5CFM0ZRqZFTT1Lkp/jlkJJAZNlhmpPeWr94UI799f9OX7NxVlFHCTp7p1sN9Lnjmv7eCV1HOY9uFE6VdmR9TRSotHKWdXAhHMhhb2seFaW23rbeQ0mTD2U/XinzSyIlgYfqdNP5ZiFlB6bSSETdY5tnieB53eevnKyydSpUFHAL66/Y/F1eV9+18hKbsaSElXKzxtaTYqUsIhl9K9edg9r+rjD/coUUV70kVKL4+/GG+j8F8H943mIqO/T4vMVkvw8lndcEXmFcS7i2gc7lU5nhKOvy9y3yMeqErMDxOibcSKKhI/SCyFWIU8mLXrGT6WoXdJS5aocT4driFmpGtkSWp7dcPD18/wHz4gQiJxWF/w54iGFKeoj5L8Z6oy+RQ5WcD/L9DtsUM/f3c4N6FJcb2R0qpFREBI4RUPNVZQl3v51iOmK5UKuVVgJt6mQlg3rHk6a+x5QRgW1X8LmSQLci/26EFPICU9k51UZJIEXmxQlrZiwFihBUhvR/vtV1Sb/+OwzEfYRhPVgDmsb4caUSWMqVHQHZCp3ot0ZFF5Uknp9gi2aV6qjk0gpUhkyRPlsoGv3qTzDDu6jg8A8F6G7k/eb3gX/FsEV+d+j3Q8y70U+pk1SbV38z6OQlplJEILJ1EVUEcokL+byXd27X7G78SKy8YsfpXcKzlmI6dFQzQdoFlYAbOyFAdk22wzRSu61sVsvwN6kkvUUMyrjvve+vMa/5+xZTbn2M06imAsvwXDkXj1H35/J+C+egbMkYVF6L04Fr5muuyaRzrBGeVBby3WJ8+q2F17Tu1IbG/+1xrOAAS82U0Tzq6dmyINS0eSSBSEqWTSS/rzx5hem9+ebwTXfhFWbk+X3rv8AUY6icXB3eUZvvFp+gASbquFCFkvlUznRvUIJOmem07qreI+WnY8+JGnoHUke3amFAjhgnxXuM6YKkj3yLwE/E3B++32Gpfd8X6Lv+BiMg458xw+poK/we0yXIu9K3bCYFukgfH/pLheXt4T3tm2tjSZdCJDNQ0sD9+9beb7Hc6LNzTM17lFZpzwkJU3onzFYkXXdpFZlNOx4jiPhvDaf4rC+xNJOcihwKvJ1XI4R4Meo1ppKyO6Qxav4bzFC5rZtK4RxTMaLrkrLhmoEdWLJjNRsx3eefY7jBVEYTNVVFaQ0pPU+irEfsfRdedlp6atzT9qGcl+9skWQ7DNpgMMXnK+USfKyfWxFS2TajghiAywWm4ftvOPbBv8S4R/0+f6v3NWbYG+2MWzaaRmUxPJAWDhWlHHTdOtky/V6TMROSHqW1KnvT2VSmEglS+tpu32FonfRh/xn3+0PUj4F/w7zi728Y10d/h3lEgwtLoAuRiPMWAykYJKwXK3yF0zcZTUunwLNDPz5gKmcabqfhf8CULYmw6ZKzjhNuQbpKMV6UUYq5ZrPU36nxTuZwZO0WhZPyADME7Rl+ecP3LcaCkTp+f3jmcYz3h+fKT+1Hg6lF7+WjUe0MGPmU0UsONF89xrTbPsAMCTzHjOJ3SH5zgq9zIj4dV9Xf8f0WM1CqvMqzxsK3wB5zd5Odf4x8uAa8453xkd9j3sr7Esv/vumua/FoHJplNHroGvMfiPlvuVTu7mNe2gLnGKIQ4zI/YAZMMzBZFdEtsmsl+nXaeFUeCGU6DbvaFV5ZrNieVeDWtATUxjXM7ZeCbzHkxm/l+QUmIuqZoBTc4PGLpIxUDlT+/AHT7fjk8Pw3DKR5hRkDylOOnxouMRTIV5giCe2b3ES6JmmcChWHTRp4pcdUOLVrsdYqdkgiQNXxG3n2AfsOZZiWnh//lECEe4mBjP+FYSTn347oYTAP8eoCnJnH22I9lN8oZ+o1NaSkL7EMv/vUY//D4XN5aIvRTd7/PY618TUK6HUkJZrPiQgu0l026BShSuX3PBWJB479sm5gpz+X58V/CfZG4f8K839w6PpzU4hCmuQu4IFj4wX9ujEZWMJ3RFj9MO+nnIMLDITXzX+O5X3tHBORM1HACiq8IDgS+pzepe8sQTOlRtfYt7/T34k1aKiXRg9pUPCnBKVMrzEQk/KkRiKtyUZcKDdAJy8WWflDSdP3pJhU7j5IOfr5P+U8nGGex9e51r4lNrumSRM6Fl5x2COE3iE3UjXadVDz85tnWlJeXVS6Hx/a51OzMsZn/oAh332PccjrLaY/WpFMJzFpqcwPTKrncCt5gTkf11iyd6e+ewzK1gVW3AceYWls1wu41GXsm6zDiUrO1PxbFOOFVp4q6qhg2k3e4YqyAsdGXe3DDsvYyVNtfR1QO36JgZQvMP9B7CdM9klQ6uHU0KlqUvISKAX96fDNK6jP5T378vDQv0+5Qf2m4Yc4/oMq3WxumalkRH1OSNgpRUccqhNokybFxjvQziXB2UPZ+JuXSynl/FS2yxsMWZIuRZqErrBURDpziSo91e7XRUyWCNbDtj5gUsYdpp2T8Zc7TGXlUyGnHimpYjOrsSSZUPNrWpIhkzgY0xSTO4xODbWkWAbayWzADDLYY4ZladrHUk3egkE75d8w7wVShPR++6bq5CVY+QfyTGdBZQdlADApJO2m6g+/wTD1fIGPnw8Noq5MYL7OHo20RQ9JlLVj54u0JCMmeSF1ptOstFxVh1MmvZQgtXcq0M/9Dabm/QOmnEmzTfIX60LwyC8wESzJXsyvwEVP57opW+6x/DtCcgs93clzPj/g4y9gUBlS+6Ks3K0nSjE7qwvCOyDjmKYflVdyXcmOVbo25I3o7uiEZo9y0fPT1KDv4yOnN+dbjD+Q/xZT+yblchcizSZJQdMxcpGSTM250mDcisKRjd7KR81FWg+R9ArD3HWN4W+/j1KkBIDihMq+hGrNK+7hCFspQFtkzKP/ktTGHaqF4LtOW6/qVLORp211jzlcY7DtFxjGc8qWbzFkuB0mddIFcna2C+n626m/UyBgaZ3wPK5cEdg3mrD2kkbZk2GBH0M5KSopW2fdnbjQEalEJTsNveI2q2FvW1T9Sk5IoAqEKj4eI+iIsxVuMQ3oDE+jgqM3vBEZ1CxEk00a83t5TuOuymm/mEax4EORz6mzK2U0o32P4Yg49RAdx6qeJ5Vnk5LXmY2c4GzhwF3f7ipJGlVVUcJ072iilpWpiPKX2/EccbcA/dDUvClXMrxLb+DQ/inyEzEq+aiTv3Uebux9Mrx7/Zqmx3SvsbwrncDxfHX4bIEbDM7hc0KgPOlUXN+vESaFTozzsou8zoK1EtU61xSRilImZYDg1ErP4Nxi3m+5BowC4s1pDI64wqSWwLztTG10PvmV39ihogZMU9HkxvKq31zzUUFSBYtHgmHfvFbmCjNE789YZ+2vMY+C8Fqad9JORVAIbt9UqAhUN08lIfTdn4TTqpMVJU2yqCM3KZOG8Ku89wYDuf6KsVBfhwG8xjCQf4/p86ZyQIS8PrSrZ160DwrqF059X2NLW+R0tuv1JauA9lV953vM6wUvMK81/BvGmNNc4ZDnPzHPK/G2YjXLrRESFUnWlOWkYzhuJLa/QMwKqxOb73bEPqRpWeCYnStCMhhX+3CNgYQ0vl9hnhp8j2kGUoRk2Jpq+8oy/RYK/d4yHh1TQmaEd1Qu1BKifXDRJbF/KkPcvDsM5HyNeWnYDxg2T2B6jq4xo6d4VERlb0jfXLas+pSoXoUrnd4REXmNuiXk9I50COt5yUpJMZMc4/LPFUZYGuEDlhorF+ktpmF67TY07V+ilD6GNPlrGmbFLbyMs/nqJCPnxEPvOBfAtN1eynvOI4948F56prM+fihSKVKqYrpDRlAfW6VEd/Nxl/d3P//887m9rBBrUTBU1ilRfO8+5zV4iuGSU9hjTqpOiio3zOcmIB+DvnOlaG0sCbaw+0Q9nIMo4q3NFd2LDDCma5frqvPCZ8qVlO3d+qGuyi0b3J89z1a4q+t3P//8sxuRU4WVpt1R2aPGkBFlDVlpRFZNV0PlVGFKCo1CNVZCtbmqyXeK4GlbFoXjUcqVKA1QK2u0PZIrMS/Fh1t5fxbyaN3dBiasjbHiuh0FXcxhYktrCKfsrdOuEhtMefhdIZT7lxObI3RnrpPpydkiUPc3sXiE55S2RmG9v46sroRofXpWvBNhiPQM3lBWrO24W9iVNDd1JUKU5qN777Dzv+yrWHIlZ3VUdI1aaKdJ+dbslszHyfUyHbVMXhtnYYkdJWrI9I7LMI/WqciwlaJ29lxu6FM8ZLpxtV9b2LbbPLeOIUHCuzvcOZUFJZbWUYuqIx7O5lQvUacdlv+7SCP0HllOquonsE5lodrXNU1SweexKquKliJ2xYHWXINu49xZum7EtTFV2raWqUQ6hTVdpVIyF/WrjOlQUQrv/JpMlso5m3LZyutQGUnBqYmbV/bhncuZiT15+9UkI6SlDXWq3Mm8FQvXelLkUgUJafwdVvKcootUsrmmRXGgU35S49WuqxZNwWUVhRTZUtXli0B3nSJpcv8pgnt/FDpBfa1v+j4taKISaxs61aN+ffe9K/jm902ovzt5sdtklczYcc1qLu/eq5ywhTIoeL5uMarOJjaK8LsDVY5ohK+A7Wnwctow1SJV0E24y6I+z1uosVN7NefQnagauIJSVDWxaVuJayZZW/vZbSgXU7R8V/fd7zTZHevp5I1qIX0g2qaz24+FPTLVVEjndVTW1HTPUz1vmXyHNXEnzcstlvUqolVKkCPL1sAYb3/fpGufTpkDr+OunCJPatQbK2WCkF7lT+xsC1RsKbnuXClI5hgfa7VJ0oIkpK0WshML9H0nDjkyKbVl3zuEI0J3SHUKMnmZqqynJ84RCRplzA7hgIxkW2SLNXLeUVxN03o6I71TBDcPJegooZftRJVOtgT6xUvj7OQ5z995ru7Tjj/D0raU2TKXaV0WiFkNJBXqOlblqTqqv7e6KsvBbCizhX2uLWi1WGu/qz6m+fB6tiysI6nX3VFkh60c1PNWm7DbVKlvCwN7JVMpy/BOeV7Po2V9wn3Q7nHYMoGsT8t5+TUW5axUwevwPNU4nXVVrK/rF99VSJLaAbI91vua+ubPOi7HgbSWFQf1tvc4xoGjeeomJU1i1Vgql8pWk+ksGuG3l6kmxaPhKwrI54rVpLY7BN5h2Q99l/JW1LCru6ozpXP+1GGxFSmr/nZ9qDZv6n/V3l1ZZ+UV602VbWWHHdneKsektrcsVFW/winylZfbysZSf7pxriFv1cfUhvepe27Za1NX1Ufvl9abnu/g/wHa1Fpw5FLG4AAAAABJRU5ErkJggg==
